number,Ibani,English
0,dawọ́,learn
1,Pughu sị dawọ,Listen and learn.
2,Wa nye dawọ-arị,We are learning something.
3,Bịa ene wa nye dawọm,We learnt yesterday.
4,dáwọ́,dream
5,A dawọ kọm,I had a dream.
6,Ị tegosi dawọ kọ-arị?,Why are you dreaming?
7,dẹrị́,sell
8,dẹrị́,betray
9,Ị te dẹrị-arị?,What are you selling?
10,A dẹrị-arị nye ofori,I'm not selling anything.
11,A nye dẹrịgha ,I'm not selling anything.
12,dẹrị́,laugh
13,Ị tegosi dẹrị-arị?,Why are you laughing?
14,A ịdẹrịgha,I am not laughing at you 
15,A ịdẹrịgha,I didn't laugh at you.
16,dié,teach
17,A nye pa n'die-arị,I am teaching them something.
18,Paịsịsị ị ine nye pa wa die ḅẹ?,Please can you teach us something?
19,die,to share
20,"Paịsịsị, fịnye ma die n'pịrị",Please share the food for them.
21,Ịkịka ma die n'pịrị nnị ogbobie,Share the biscuits among them.
22,dié,show
23,Ḅo A nye pa ịdie,Come let me show you something.
24,Paịsịsị pa ọ die anị fịnị nga,Please show him where it is.
25,dighí,look at
26,Anị nye ma dighi,Look at that thing.
27,Ịye godiri ma dighi,Look at my reader.
28,díghí,"rope, cord"
29,Dighi ma fima anị ḅụọ ḅụ,Loose the rope from its leg.
30,Dighi ma ọ ḅụọ ọlọ-arị,The rope is holding his leg.
31,díghī,carry
32,Mu ẹfẹrẹ ma dighi,Go and carry the plates.
33,Akpa ma dighi warị ma sọ,Carry the bag into the house.
34,dii,be calm 
35,Ọmini ọḅụ dii ma,You people should stay calm.
36,Mienga tegosi dii fịnị?,Why is this place calm?
37,díí,night
38,Mie dii A ịwarị ḅo ḅẹm,I will come to your house this night.
39,Ọḅụda,Go back
40,Ịye akpa ma sii,Put away your bags
42,Akpa ma pa nni nye pa warịwarị nga warị,Keep the bags on the shelf
44,Igbe ma koroma,Drop that box
46,Ị pa munomuno bite ma pagha ma ḅo,Bring out your sleeping clothes
48,Mu muno,Go to bed
50,Ḅụpọ ma gbẹẹ,Close the door
52,Wẹndẹrẹ ma fịndị,Open the windows
53,fọrụ ḅụpọ ma fịndị,Open the windows
54,Kpọrọfịnị,Sit down
56,Ịye sundu ma pagha ma ḅo,Take out your brooms
58,Kiri ma ọfị,Sweep the floor
60,Kiri ma mie sị anị fịafịa,Keep the floor clean
62,Kiri ma fịafịa ma,Keep the floor clean
63,Kiri ma warị fịafịa ma,Keep the floor clean
64,dịa,arrow
65,Nnị dịa pa wa tẹarị,They're shooting arrows at us.
66,Dịa ma pa n'tẹ,Shoot the arrow at them.
67,dị́a,trap
68,Dịa tuu tụḅara pịrị,Set a trap for the antelope.
69,Dịa ma tụbara kuu mam,The trap has caught an antelope.
70,duú,hare
71,Duu ma mangị-arị,The hare is running.
72,Duu ma kuu,Catch the hare.
73,dúu,inheritance
74,O'daa duu warịso ọpịrịm,His father left an inheritance for him.
75,Mie ịye duu,This is my inheritance.
76,dụ́á,"corpse, ghost"
77,Obiri ma dụa anịnga imim,The dog's corpse is there.
78,Nnị ori dụa pa ama ḅo bẹm mimgba ene,They will bring his corpse to town today.
79,dụa,farm
80,A dụa nyanam,I have a farm.
81,Mie dụa-dịpị saa biri,This is farming time.
82,dụ́wā,follow
83,Á ịduwa fẹ mu ḅẹ ḅaa-ene,She will go with me to the market tomorrow.
84,Mịnị anị ḅọ ḅe dụa ma,Do not follow that man again.
85,dụ́á dípí,bury the dead
86,Nnị dụa-dịpị mum,They went for burial.
87,Nnị nna Alaḅọ dụa dịpị bẹm je kụra,They will bury their chief's corpse next year.
88,dụa dipí,farm; plant
89,A dụa dịpị dịpịm,She does farming.
90,O dụa dịpị dịm,He knows how to farm.
91,Mu ḅuru ma dịpị ọkọm,Go and plant the yam for me.
92,Fịnyẹ na Nyẹ-fị na,Food and To Eat Something
93,Fịnye,Food
94,Fị,Eat
95,Nyẹ Fị,Eat something
96,A nyẹ fịarị,I am eating (something).
97,Ị tẹ fịarị?,What are you eating?
98,A ḅuru fịarị,I am eating yam.
99,A ọrọsị fịarị,I am eating rice.
100,A fọọ buru fịarị,I am eating roasted yam.
101,A akịdị fịarị,I am eating beans.
102,Ị nyẹ-fị bẹ?,Will you eat?
103,A nyefị bịgha,I will not eat.
104,A nyẹ-fị dọụgha,I don't want to eat.
105,O nyẹ-fị dọụgha,He doesn't want to eat.
106,Á nyẹ-fị bịgha, she will not eat.
107,Na á nyẹ-fịgha,She has not eaten.
108,Fịnye ịtarịarị,I'm hungry (for food).
109,ḅuru ịtarịarị,I'm hungry (for food).
110,Ị tẹ (nyẹ) fị dọghụ?,What do you want to eat?
111,A ḅuru na ọḅa fụlọ na fị dọghụm,I want to eat yam and pepper soup.
112,Mu ịye fịnye dighi akị,Go and carry your food.
113,A ịye fịnyẹ dighi akị mam,I have carried my food.
114,Fịnyẹ ma Angịmam,Food Quality and Status
115,Fịnyẹ má  ịngịmam,The food has soured.
116,Fịnyẹ má angịmam,The food has soured.
117,Nji má ḅụrụmam,The fish is rotten.
118,Fịnyẹ má opu ịkasị ọ́gọ́nọ́ ḅụ imim,The food is on the table.
119,Obiri fị́nyẹ ma ịkasị suu imim,The dog's food is under the table.
120,I tẹ fịnyẹ fịarị?,What type of food are you eating?
121,A ọbịọ fịnyẹ fịarị,I am eating rice.
122,A pírī ọrọsị fịarị,I am eating pottage rice.
123,Ḅo fịnyẹ ma sọọ,Come and cook the food.
124,I ine fịnyẹ sọ bẹ?,Can you cook?
125,"Iiin, A ine fịnyẹ sọ bẹm","Yes, I can cook."
126,Fịnye ma bịa mam,The food is cooked (done).
127,Fịnye ma na bịagha,The food is not cooked (not done).
128,Mie ọrụḅọ ma fịnye sọọ-arị arị ḅurusu bie,This woman is cooking in her kitchen.
129,Fịnyẹ Sọọ na Nyẹ-fị,Cooking and Serving Food
130,Ị fịnye ma sọọ ma?,Have you cooked the food?
131,"A pa anị sọọ-arị, na A miesogha","I'm still cooking it, I'm not done yet."
132,Fịnye ma (anị) wa laa bẹ?,Will the food be enough for us?
133,"Ịịn, anị wa laa ḅẹm","Yes, it will be enough for us."
134,"Ofori o, anị wa laa bịgha","No, it will not be enough for us."
135,Fịnye ma (anị) ọ laa ma?,Has the food reached you? (Is it enough for you?)
136,"Ịịn, anị wa laa mam","Yes, it has reached us."
137,"Ofori o, anị na wa laagha","No, it has not reached us."
138,Nnị fịnye ma fị bịgha?,Won't they eat the food?
139,N'fịnye ma fị ḅẹm,They will eat the food.
140,"N'pa kuruari, n'fịnye ma fị dọghụm",They are still waiting; they want to eat the food.
141,Alala mie sị mu fịnye ma pa n'pịrị,Hurry up and go give them the food.
142,Dagogo ịye fịnye ma akị mam,Dagogo has taken my food.
143,Orị ḅurusu ma bie anị fịarị,He is eating it in the kitchen.
144,Epele,Lies
145,Mie owutụwọ ma ọ epele titi ḅọ,This man is a liar.
146,Ị tegosi epele ti-arị?,Why are you being deceitful?
147,Ẹpẹlẹ́,Compound
148,Ẹpẹlẹ́,Yard
149,Mie wamịna ẹpẹlẹ,This is our courtyard.
150,Wamịna ẹpẹlẹ dụḅam,Our compound is large.
151,Ẹpẹlẹ́,Draughts (Game)
152,Nnị ẹpẹlẹ tịarị,They are playing draughts.
153,Ị ẹpẹlẹ ti ḅẹ?,Will you play draughts?
154,A ẹpẹlẹ ti ḅẹlẹmagha,I don't like playing draughts.
155,Ẹ́gẹ́rẹ́,Speak
156,Ẹ́gẹ́rẹ́,Talk
157,"Ịnangụọ, ḅo wa ẹgẹrẹ","My friend, come let's talk."
158,Wa pa ẹgẹrẹ-arị,We are still talking.
159,A ọnana ẹgẹrẹ bẹm,I will talk with him.
160,A n'dụwa ẹgẹrẹ bẹm,I will talk with them.
161,Orị opu ẹgẹrẹ kọ dim,He knows how to talk big (exaggeration).
162,Ẹ́GẸ́RẸ́,Word 
163,Ịnumboru owutụwọ ịye ẹgẹrẹ ma ḅụdam,"My brother, your words are difficult."
164,Paịsịsị mie ẹgẹrẹ ma daa-dugho,Please interpret your statement.
165,Ẹ̀rẹ̀,Name
166,Ịye ẹrẹ ọ tẹnye?,What is your name?
167,Ịye ẹrẹ ọ Daḅẹlẹma,My name is Dabelema.
168,Ẹ́rẹ̄,Female
169,Ẹrẹ-apụ ma n'tenga imi?,Where are the ladies?
170,"Ama na ẹrẹ na, ọḅoma","Gentlemen and ladies, you are welcome."
171,Ẹrẹ,Left
172,Mie ịye ẹrẹ ḅara,This is my left hand.
173,Ịye ẹrẹ ḅụọ ma ịḅaa-arị,My left leg is paining me.
174,Farị,Sharpen (Knife or Razor)
175,Mu kịngị ma farị anịnga,Go and sharpen the knife there.
176,Nnị kịngị ma farị mam,They have sharpened the knife.
177,Farị,Sound or Beat by Drum or Hand)
178,Akwa ma farị,Beat the drum.
179,Ịtegosi akwa ma farị-arị?,Why are you beating the drum?
180,Kanyiḅo,Comprehension
181,Akanya,Comprehension
182,Obiri wa nana warịbie nga ngam,A dog lives with us at home.
183,Obiri tẹ sọnyẹ nyana wa pịrị?,Of what use is a dog to us?
184,Obiri furu-apụ dẹ pághámaá pághámaám,A dog keeps thieves away.
185,Obiri tegosi ikere ikere furu apụ pịrị pịrị?,Why does a dog bark at thieves?
186,Furu-apụ ọ wamịna irouna-apụ gosi,It is because thieves are our enemies.
187,Nnị wamina nyẹlaa nye furu furum,They steal our valuable things.
188,Furu-apụ ibi apụgha,Thieves are not good people.
189,Obiri sọ ibi namatẹbọ,A dog is also a good hunter.
190,Anị kala nama ba bam sị wa pẹẹ,It kills small animals for us to eat.
191,fíní,bird
192,feni,bird
193,fini ma fii-arị,The bird is flying.
194,Ọ tụwọ fini ma ḅaa?,Who killed the bird?
195,fịnị,fire
196,Fịnị ma bima,Quench the fire.
197,Ọ tụwọ fịnị ma bịma?,Who quenched the fire?
198,Fịnị ma tọndị,Light the fire.
199,fịnị́,stay
200,Mu anịnga fịnị,Go and stay there.
201,Ị tẹnga fịnị-arị?,Where are you staying?
202,Ọ,him
203,Nye ma pa ọpịrị,Give the thing to him.
204,Ọ dighi pa warị mu,Carry him to the house.
205,Ọ́,you people
206,Ọ tẹnga muarị,Where are you people going to?
207,Ịda ḅẹm sị,My father said
208,Ịda ḅẹm ḅẹ,My father said
209,A ịru pa ọ́pịrị,I should give you people a drink.
210,Ọ,it
211,Ọ,is
212,Ọ,it is
213,Ịye ẹrẹ ọ Ibifụḅara,My name is Ibifubara.
214,Ọ tụwọ anịnga imi?,Who is it that is there?
215,Firi,leak
216,Gangas ma firi-arị,The drum is leaking.
217,Warị ma osu ẹfẹrẹ firi-arị,The house roofing sheet is leaking.
218,Fịrị,work
219,A fịrị wangị-arị,I'm working.
220,Ị fịrị mu ḅẹ?,Will you go to work?
221,"Ịịn, A fịrị mu ḅẹm","Yes, I will go to work."
222,"Ofori o, mịngba ene A fịrị mu ḅịgha","No, I will not go to work today."
223,Fịrịmaa,send message
224,A mu oku fịrịma ọpịrịm,I went to drop a message for him.
225,A mu ḅịpị fịrịma ọpịrịm,I went to drop a message for him.
226,Ị mu fịrị fịrịma?,Did you go and send a message?
227,Ị mu oku fịrịma?,Did you go and send a message?
228,gbẹẹ,close
229,Mu igbe ma gbẹẹ,Go and close the box.
230,Ị tegosi bụpọ ma gbẹẹ?,Why did you close the door?
231,gbẹẹ,pay
232,Ḅo ịye igbi ma pa ịgbẹẹ,Come and pay me my money.
233,Mu I' saa pa ọlọarị ọrụḅọ ma gbẹẹ,Go and pay the woman you're owing a debt.
234,Ị saa pa ọlọ ọrụḅọ ma mu arị igbi pa a'gbẹẹ,Go and pay the woman you are owing money.
235,gbẹẹ,grind
236,Ị sani fẹ ḅo saa,When you buy the pepper
237,pa n'pịrị sị n'gbẹẹ,give it to them to grind.
238,Ị te gbẹẹ-arị?,What are you grinding?
239,A sanị gbẹẹ-arị,I am grinding pepper.
240,gbii,sow
241,Ḅo A ịye-bite gbii,Come let me sow your dress.
242,Barana ịye-bite gbịị,Sow your clothes by yourself.
243,gbii,to throw
244,mgbolu ma pa n'gbii,Throw the stone at them.
245,Ị tegosi mgbọlụ pa n'gbii?,Why did you throw the stone at them?
246,Mịnị mgbọlụ pa fẹ-sịrị gbii ma,Stop throwing stones at the market.
247,dọghụ,look for
248,dọghụ,sought for
249,Ị te dọghụ-arị?,What are you looking for?
250,A ịye bite dọghụ-arị,I'm looking for my clothes.
251,dọghụ,want
252,A warị mu dọghụm,I want to go home.
253,A wamịna ama ẹgẹrẹ fie dọghụm,I want to speak our language.
254,dọghụ́,drive
255,dọghụ́,to paddle
256,Kiri arụ ma dọghụ tẹlẹma,Drive the car very well.
257,Ị kiri arụ ma dọghụ digha,You don't know how to drive the car.
258,A iye arụ ma dọghụarị,I am paddling my boat.
259,dọ́ghụ̄,burn
260,Warị ma dọghụ-arï,The house is burning.
261,Kiri-arụ ma dọghụm bịa dii,The car burnt last night.
262,ẹlẹlẹndẹ,orange
263,Mu ẹlẹlẹndẹ fẹ ḅo ịpịrị,Go and buy orange for me.
264,Mie ẹlẹlẹndẹ ḅẹlẹgha,This orange is not sweet.
265,ẹlẹlẹndẹ,green
266,A ẹlẹlẹndẹ tọrụ bite sua-ari,I'm wearing a green dress.
267,Ị ẹlẹlẹndẹ tọrụ agba pa wari ma tabem,You should paint the house with green paint.
268,faa,finished
269,Ịye fịnye ma faa mam,My food has finished.
270,Ọmịnà fịnye ṣọ faa ma?,Has your (plural+B280) food finished too?
271,faa,loss
272,Wamịna ama ẹgẹrẹ fafagha,Our language is never lost.
273,Wamịna ama ẹgẹrẹ ine fabịgha,Our language cannot be lost.
285,Sẹnịḅọ Daḅẹlẹma na o warị-apụ gbolomanye,The Family of Senibo Dabelema
286,Mie sẹnịbo Daḅẹlẹma warịapụ,Here is the family of Senibo Dabelema.
287,"Ị inẹ sẹnịḅọ Daḅẹlẹma, o taa na nna awọ na arị ḅẹm","You can see Senibo Dabelema, his wife and their children."
288,Awọ ma ọ tere apụ,The children are three.
289,Nnị ọ mmẹ kala-asa-awọ na gbere ọrụḅọtụwọ na,They are two boys and one girl.
290,Kala-asa-awọ ma ọ Ịpalịḅọ na Ịyala na,The boys are Ipalibo and Iyala.
291,Ọrụḅọtụwọ ma ọ Bieḅẹlẹ,The girl is Biebele.
292,Awọ ma na n'yii-apụ na dẹdẹfịnye fịarị,The children and their parents are taking their breakfast.
293,Nnị sọnọ apụ ma saa mamgba nyẹfị gboloma gbolomam,The five of them always eat together.
294,N'tẹ fịnye fị-arị?,What food are they taking?
295,Nnị fituru na nama ḅẹlẹkị na ọfịrị-mịngị akịarị,They are taking bread and butter with tea.
296,"Ọfịrị-mịngị ma omongo (ma) bie imim, anị ọfịrịm",The tea is in a jar and it is hot.
297,Anị ibigha ịkpoma gaga ofịrị-mịngị ḅu,It is not safe to drink very hot tea.
298,Nji na mịngị,A fish and water
299,Ogbo nji ine bile-faa bigha,A fish can't drown.
300,Kuma ani ine Bina-aru bile-faa bem pighi kini baa,But it can sink into water.
301,ḅó,come
302,mú,go
303,só,leave
304,ḅóarị,coming
305,múarị,going
306,sóarị,leaving
307,ḅóm,came
308,múm,went
309,sóm,left
310,ḅó mám,have come
311,mú mám,have gone
312,só mam,have left
313,ḅo ḅom,comes
314,mu mum,goes
315,so som,leaves
316,A ḅóarị,I am coming
317,A múarị,I am going
318,A sóarị,I am leaving
319,A ḅom biaene,I came yesterday
320,Baa-ene A ḅo ḅẹm,Tomorrow I will come
321,Enegbọrụ A ḅo ḅom,Every day I come
322,A mum pari,I went before
323,A mum tarisaa,I went before
324,Á ḅoarị,She is coming
325,O ḅoarị,He is coming
326,Wa ḅoarị,We are coming
327,Nni ḅoarị,They are coming
328,Anị- ḅoarị,It is coming
329,Á muarị,She is going
330,O muarị,He is going
331,Wa muari,We are going
332,Nni muari,They are going
333,Anị muarị,It is going
334,Á soarị,She is leaving
335,O soarị,He is leaving
336,Wa soarị,We are leaving
337,Nni soarị,They are leaving
338,Anị soarị,It is leaving
339,Ngẹẹ́,One
340,Mmẹẹ́,Two
341,Tẹ́rẹ́,Three
342,Íní,Four
343,Sọ́nọ́,Five
344,Sóníe,Six
345,Suene,Six
346,Sọ́nọ́ma,Seven
347,Íníne,Eight
348,Éséníé,Nine
349,Esiene,Nine
350,Óyí,Ten
351,Óyí ngẹẹ́ fíndí,Eleven
352,Oyi mmẹ fíndi,Twelve
353,Óyí tẹ́rẹ́ fíndí,Thirteen
354,Óyí iní fíndí,Fourteen
355,Jee,Fifteen
356,Íní fa sí,Sixteen
357,Tẹ́rẹ́ fa sí,Seventeen
358,Mmẹ́ fa sí,Eighteen
359,Ngẹẹ́ fa sí,Nineteen
360,Sí,Twenty
361,Sí ngẹẹ́ fíndí,Twenty-one
362,Sí mmẹ́ fíndí,Twenty-two
363,Sí tẹ́rẹ́ fíndí,Twenty-three
364,Sí iní fíndí,Twenty-four
365,Sí sọ́nọ́ fíndí,Twenty-five
366,Íní fa súé,Twenty-six
367,Tẹ́rẹ́ fa súé,Twenty-seven
368,Mmẹ́ fa súé,Twenty-eight
369,Ngẹẹ́ fa súé,Twenty-nine
370,Súé,Thirty
371,Sue ngẹẹ findi,Thirty-one
372,Sue mmẹ findi,Thirty-two
373,Sue tẹrẹ findi,Thirty-three
374,Sue ini fịndi,Thirty-four
375,Sue sọnọ findị,Thirty-five
376,Ini fa mmẹ-a-si,Thirty-six
377,Tẹrẹ fa mmẹ-a-si,Thirty-seven
378,Mmẹ fa mmẹ-a-si,Thirty-eight
379,Ngẹẹ fa mmẹ-a-si,Thirty-nine
380,Mmẹẹ-a-si,Forty
381,Owutụwọ ma,The man
382,Ọrụḅọ ma,The woman
383,Obiri ma,The dog
384,Oḅori ma,The goat
385,Warị ma,The house
386,Ịkasị ma,The chair
387,Warị-kiri ma,The floor
388,Bịtẹ ma,The cloth
389,Ḅẹlẹ ma,The pot
390,Akpa ma,The bag
391,Ịye daa,My father
392,Ịye yingi,My mother
393,Ịye awọ,My children
394,Ịye obiri,My dog
395,Ịye oḅori,My goat
396,Ịye ọbịọ,My chicken
397,Ịye ọbịọ,My fowl
398,Ịye diri,My book
399,Ịye akpa,My bag
400,Ịye ịkasị,My chair
401,Ịye agbagha,My shoe
402,Mie owutụwọ ma,This man
403,Mie ọrụḅọ ma,This woman
404,Mie obiri ma,This dog
405,Mie oḅori ma,This goat
406,Mie warị ma,This house
407,Mie ịkasị ma,This chair
408,Mie kiri ma,This floor
409,Mie bịtẹ ma,This cloth
410,Mie ḅẹlẹ ma,This pot
411,Mie akpa ma,This bag
412,Ị́ye daa,Your father
413,Ị́ye yingi,Your mother
414,Ị́ye awọ,Your children
415,Ị́ye obiri,Your dog
416,Ị́ye oḅori,Your goat
417,Ị́ye ọbịọ,Your chicken
418,Ị́ye ọbịọ,Your fowl
419,Ị́ye diri,Your book
420,Ị́ye akpa,Your bag
421,Ị́ye ịkasị,Your chair
422,Ị́ye agba,Your shoe
423,Si,suffer
424,Si-arị,suffering
425,Si-arịḅọ,One who suffers.
426,Si-arịḅọ fagha,One who is suffering doesn't lose.
427,Orubo ma toru-si ari-ari,The woman is suffering.
428,Ḅo ḅẹm,Future Tense (Will come)
429,A warị ḅo ḅẹm ḅaa,I will come to the house tomorrow.
430,A warị ḅo ḅẹm ḅa'ene,I will come to the house tomorrow.
431,A warị ḅo ḅẹm mịmgba,I will come to the house today.
432,A warị ḅo ḅẹm mịmgbaene,I will come to the house today.
433,Á warị ḅo ḅẹm mịngba,She will come to the house today.
434,O warị ḅo ḅẹm mie dedebie,He will come to the house this morning.
435,Wa warị ḅo ḅẹm ḅupiri saa,We will come to the house in the evening.
436,Wa warị ḅo ḅẹm ḅupiri biri,We will come to the house in the evening.
437,N'warị ḅo ḅẹm misabiri ḅaa,They will come home by this time tomorrow.
438,N'warị ḅo ḅẹm misabiri ḅaene,They will come home by this time tomorrow.
439,Anị mịnga ḅo ḅẹm dii bie,It will come here in the night.
440,Ị mịnga ḅo ḅẹm ḅaa dedebie ḅo ori ari,You will come here tomorrow morning to see him.
441,Ọ warị ḅo ḅẹm miesosa,You people will come to the house later.
442,A warị ḅo ḅẹm miesosa,I will come to the house later.
443,Ḅom,Came
444,"A warị ḅom bi'ene kuma, A ịarịgha",I came to the house yesterday but I didn't see you.
445,Árị iwarị ḅom bị'ene,She came to your house yesterday.
446,O mịnga ḅom mie eneḅaa ḅo ịdọghụ,He came here this afternoon to look for you.
447,Nnị n'yii-apụ pa diridawọwarị ḅom mimgbaene,They came to school with their parents today.
448,Wa warị ḅom kuma ịwarịbie ofori,We came to the house but you weren't in.
449,Anị pịghị mịnga ḅom bị'ene,It came here again yesterday.
450,Anị jepa mịnga ḅom bị'ene,It came here again yesterday.
451,Ị warị ḅom ḅo ịdọghụ bị'ene,You came to the house to look for me yesterday.
452,Ọ warị ḅom ḅo ịdọghụ bị'ene,You people came to look for me at home yesterday.
453,N' mịnga ḅom mie dedebíe,They came here this morning.
454,N' mie fẹ ma ḅom ḅo bịtẹ fẹ,They came to this market to buy clothes.
460,Fịnye ma (anị) ọ laa ma?,Has the food reached you?
465,"N'pa kuruari, n'fịnye ma fị dọghụm","They are still waiting, they want to eat the food."
469,Paịsịsị na Ibi ma mu,Greetings and Basic Phrases
470,Ibi ma mu,Goodbye
471,Paịsịsị,Please
472,ịmịẹḅam,Thank you
473,ịịn,Yes
474,ofori,No
475,ḅụdii,Sorry
476,Ịḅama,Good morning
477,ḅaḅa,Good night
478,Important Verbs,Actions
479,fini,be
480,nyana,have
481,mu,go
482,ḅo,come
483,mie,do
484,mie,make
485,arị,see
486,fị,eat
487,ḅú,drink
488,dughó,speak
489,Owutụwọ,Man
490,Ọrụḅọ,Woman
491,Tụwọ,Child
492,nangụọ,Friend
493,Furo,Family
495,Mingi,Water
496,Warị,House
497,kiri-arụ,Car
498,Fịrị,Work
499,Opu,Big
500,Kala,Small
501,Ibim,Good
502,Si,Bad
503,ịwọ,New
504,Olom,Old
505,Ibi,Beautiful
506,Fịafịa,Beautiful
507,Si,Ugly
508,Ọfịrị,Hot
509,Oḅughu,Cold
510,Ibani,English
511,Ḅo ḅẹm,Will come
537,N'mie fẹ ma ḅom ḅo bịtẹ fẹ,They came to this market to buy clothes.
538,Ḅo mam,Have come
539,A parịsa ịwarị ḅo mam,I have come to your house before.
540,A tarịsa ịwarị ḅo mam,I have come to your house before.
541,Á mie warị ḅo mam parịsa,She has come to this house before.
542,Á mie warị ḅo mam tarịsa,She has come to this house before.
543,O fịrị ḅo mam mịngbaene,He has come to work today.
544,N'fẹ́-siri ḅo mam mie eneḅabiri,They have come to the market this afternoon.
545,Wa ḅo wamịna igbi daakị dọghụm,We have come to collect our money.
546,Anị ḅo mam ḅo wa warị fịnye ma fị,It has come to eat the food we kept.
547,Anị ḅo mam ḅo wa warị fịnye ma fị dọghụarị,"It has come, wanting to eat the food we kept."
548,Anị ḅo mam ḅo wa warị fịnye ma fị dumarị,"It has come, wanting to eat the food we kept."
549,Ị mịsa warị ḅo mam,You have come home now 
550,Ị warị ḅo mam mịsa,You have come home now .
551,Ọ mịngba warị ḅo mam,You people have come to the house today.
552,Ọ warị ḅo mam mịngba,You people have come to the house today.
553,Na (ḅụ)gḅẹgha,Shouldn't have come
554,Ị mịnga ḅo na ḅụgḅẹgha mie dedebie,You shouldn't have come here this morning.
555,Ị mịnga ḅo na gḅẹgha mie dedebie,You shouldn't have come here this morning.
556,A mịnga ḅo na ḅụgbẹgha bị'ene,I shouldn't have come here yesterday.
557,A mịnga ḅo na gbẹgha bị'ene,I shouldn't have come here yesterday.
558,Á mịnga ḅo na ḅụgbẹgha eneḅa ḅụ,She shouldn't have come here in the afternoon.
559,Á mịnga ḅo na gbẹgha eneḅa ḅụ,She shouldn't have come here in the afternoon.
560,O mịnga ḅo na ḅụgbẹgha mie ḅupiri,He shouldn't have come here this evening.
561,O mịnga ḅo na gbẹgha mie ḅupiri,He shouldn't have come here this evening.
562,Wa mịnga ḅo na ḅụgbẹgha mịmgba,We shouldn't have come here today.
563,Wa mịnga ḅo na gbẹgha mịmgba,We shouldn't have come here today.
564,Nnị ịwarị ḅo na ḅụgbẹgha mimgbaene,They shouldn't have come to my house today.
565,Nnị ịwarị ḅo na gbẹgha mimgbaene,They shouldn't have come to my house today.
566,Ọmịnị ịwarị ḅo na ḅụgbẹgha A ọsịgha saa,You people shouldn't have come to my house uninvited when I didn't call you.
567,Ọmịnị ịwarị ḅo na gbẹgha A ọsịgha saa,You people shouldn't have come to my house uninvited when I didn't call you.
568,Ọmịnị ịwarị ḅo na ḅụgbẹgha A ọsịgha ḅụ,You people shouldn't have come to my house uninvited without me calling you.
569,Ọmịnị ịwarị ḅo na gbẹgha A ọsịgha ḅụ,You people shouldn't have come to my house uninvited without me calling you.
570,Anị mịnga ḅo sị wamịna fịnyẹ ma fị na ḅụgbẹgha,It shouldn't have come here to eat our food.
571,Anị mịnga ḅo sị wamịna fịnyẹ ma fị na gbẹgha,It shouldn't have come here to eat our food.
572,saghi,get up
573,saghi,arise
574,Anịnga saghi,Get up there.
575,Saghi wa warị mu,Get up let's go home.
576,saghi,from
577,I te ama saghi ḅo?,Where do you come from?
578,A Okolo-ama saghi ḅom,I'm from Bonny.
579,saghi,start
580,Anị saghị fịrị wangị mam,It has started working.
581,Ị te saa saghị diridawọwarị mu be?,When will you start school?
582,nye saghi,pick up
583,Anị nyema saghị ịpịrị,Pick up that thing for me.
584,Ị nye ma saghị akị ma?,Have you picked up the thing?
585,ẹnwẹẹ́,take effect
586,Anị ẹnwẹẹ́ ịpịrị bịgha,It will not have effect on me (a curse).
587,Anị ẹnwẹẹ́ ịpịrị bịgha,It will not have effect on you (a curse).
588,Ị karị nye ma anị ẹnwẹm,What you invoked is effective.
589,ẹnwẹẹ́,asthma
590,ẹnwẹẹ́ kọlọ tụwọ ma ọlọm,The child has asthmatic cough.
591,A ẹnwẹẹ nyanagha,I don't have asthma.
592,fẹ,market
593,A fẹ muarị,I am going to the market.
594,Ịtaa fẹ mum,My wife went to the market.
595,fẹ,buy
596,A fẹ muarị sị mu ḅuru fẹ dọghụm,I am going to the market to buy yam.
597,Mu inyaụ fẹḅo ọkọm,Go and buy plantain for me.
598,fie,utter
599,fie,make a sound
600,Radio ma fiefiegha,The radio is not talking.
601,Ị farị-arị akwa ma ibima fiegha,The drum you are beating didn't sound well.
602,Anị fie?,Did it sound?
603,Ibima fiegha,It didn't sound well.
604,fie,speak
605,A nimigha ị Ịbanị ẹgẹrẹ fie dim,I don't know you know how to speak Ibani.
606,Ị Ịḅanị ẹgẹrẹ fie digha,You don't know how to speak Ịḅanị.
607,fie,blow (of wind)
608,Fọrụ fie-arị,Wind is blowing.
609,"Ḅo wa mu fọrụ timi, anị saghi fie-arị","Come let's go and take breeze, it has started blowing."
610,"Ḅo wa mu fọrụ timi, anị saghị fie mam","Come let's go and take breeze, it has started blowing."
611,Ịrụa ma kori pagha-ari anị mie mie ḅara Okoloma erekura saa,The sun was shining brightly as it always does in Bonny during the hot season.
612,Ịrụa ma kori pagha-ari anị mie mie ḅara Okoloma erekura bu,The sun was shining brightly as it always does in Bonny during the hot season.
613,"Aso-di(gh)e tọndọ ma nga, mma kuruapụ sefịnị arụ dọghụapụ dighiarị","By the traffic lights, two policemen stood watching the motorists."
614,"Aso-di(gh)e tọndọ ma nga, mma ologhukuu-apu sefịnị arụ dọghụapụ dighiarị","By the traffic lights, two policemen stood watching the motorists."
615,"Saa gonye gonye bu, nnị kiri-aru dọghụḅọ dasema dasema si olo pa aso di(gh)e- tondo ma olo ka-aribo kuu","Every now and then, they would stop a taxi driver for committing a traffic offense."
616,"Saa gonye gonye bu, nnị kiri-aru dọghụḅọ dasema dasema si olo pa aso di(gh)e- tondo ma olo warighabo kuu","Every now and then, they would stop a taxi driver for committing a traffic offense."
617,"Saa gonye gonye bu, nnị kiri-aru dọghụḅọ dasema dasema si olo pa aso di(gh)e- tondo ma olo korobo kuu","Every now and then, they would stop a taxi driver for committing a traffic offense."
618,Topirifiri,Assignment
619,Igoinapụ Tamụnọ mini bịgha sị ḅụgịrị n'laa,"Poor people, God will not allow shame to reach them."
620,"Anị ibi ịpịrị go, igoinḅọ wiri ma","Because it's good for you, don't insult the poor."
621,"Warị gonye gonye ḅụ, wa simini-apụ nyanam","In every house, we have commoners."
622,"Warị gonye gonye ḅụ, wa simini-apụ nyanam","In every house, we have poor people."
623,"Ị mịnaḅọ, anị sọ ịpịrị pịrị, warị na ama na gbila","My relative, it enters for you, ask of family and community."
624,Mingi-biri,To bathe
625,Oju-birima,To dress up
626,Ḅụ-birima,To dress up
627,Ḅo mingi-biri,Come and bathe.
628,Mu mingi-biri,Go and bathe.
629,Ị mingi-biri ma?,Have you bathed?
630,"Ịịn, A mingi-biri mam","Yes, I have bathed."
631,"Ofori, na A mingi-birigha","No, I have not bathed."
632,Ị mingi-biri ḅẹ?,Will you bathe?
633,"Ịịn, A mingi-biri ḅẹm","Yes, I will bathe."
634,"Ofori o, A mingi-biri bịgha","No, I will not bathe."
635,Ị mingi-biri dọghụ?,Do you want to bathe?
636,"Ịịn, A mingi-biri dọghụm","Yes, I want to bathe."
637,"Ofori o, A Mingi-biri- dọụgha","No, I don't want to bathe."
638,Ḅaa-ene anị A mingi-biri dọghụnye,It's tomorrow I want to bathe.
639,A mingi-biri ḅẹm ḅaa dedebie,I will bathe tomorrow morning.
640,"A biri-nga imim, A mingi-biri dọghụm","I'm in the bathroom, I want to bathe."
641,"A biri-wari imim, A mingi-biri dọghụm","I'm in the bathroom, I want to bathe."
642,Ịye biri-mingi tenga imi?,Where is my bathing water?
643,A pa biringa koroma mam,I have dropped it in the bathroom.
644,A anị koroma mam biringa bie,I have dropped it in the bathroom.
645,Anị ọfịrịgha,It's not hot.
646,Tenye ọfịrịgha?,What is not hot?
647,Ịye biri mingi ọfịrịgha,My bathing water is not hot.
648,Abesa,God's time
649,Abinye,What I asked from God
650,Abarasi,I leave all to God
651,Abie,Nobody knows God's mind
652,Abalagha,I'm not worried
653,Adawari,Grandfather's house
654,Adango,The father's wealth
655,Adango,The father's riches
656,Adaere,Father's name
657,Adaobu,Born after the death of the father
658,Adagogo,Resemblance of the father
659,Abiekirim,God's mind is different
660,Abosimagha,My coming was wrong
661,Aberebiegha,I do not want trouble
662,Agobofagha,He who believes in God is safe
663,Aberekanagha,I do not discuss matters
664,Aberemangigha,I do not fear trouble
665,Aberemangigha,I do not run away from cases
666,Akima,Do not take
667,Akaderi,Laughter is not love
668,Atili,A great value
669,Atili,Precious
670,Atonye,God's plan
671,Atonye,God's wish
672,Atemie,What have I done
673,Akokoari,I'm gathering children
674,Atesipara-Omie,What wrong have I done to you?
675,Amiesimanyeofori,I have done nothing wrong
676,Aparabiegha,I will not reply
677,Aparabiegha,I will not revenge
678,Adonye,What I need
679,Adonye,My wish
680,Alali,Happiness
681,Alali,Joy
682,Alali,Celebration
683,Ajubonyanagha,I have no other one than God
684,Anju,My life
685,Anju,My blood
686,Anieresi,Because of that
687,Aniene,That day
688,Anienebere,Issues of that day
689,Amiesimagha,I did not do any wrong
690,Amienye-ofori,I have done nothing
691,Amabipi,The voice of the people
692,Amaso,The god of the land
693,Amaibi,The good of the land
694,Amabara,Right hand
695,Atoni,Wealth
696,Atoni,Riches
697,Amonigha,I do not covet
698,Asinyetogha,I planned no evil
699,Asitogha,No evil intentions
700,Inyingiala,Wealth
701,Ngowari,Wealthy house
702,Apawaribim,I am from a good home
703,Ibibama,My kindness will not kill me
704,Ibinye,Good thing
705,Ibisa,Good time
706,Ibitoru,Good sight
707,Ibibo,Nice fellow
708,Ibifagha,A good deed is never lost
709,Ibienebo,Born on a good day
710,Ibiere,A good name
711,Idaere,My father's name
712,Iyeala,My wealth (children)
713,Iderima,Do not laugh at me
714,Idawari,My father's house
715,Idasenibo,My father is a House Elder
716,Ibikisi,Good health
717,Ibiwari,Good household
718,Ibiaso,Good path
719,Ibiminapa,Wealth attracts many friends
720,Ibiwangi,Good journey
721,Ibifubara,Good luck
722,Ibiokotogha,I did not think so
723,Ibimina,Good relations
724,Ibima,It will be good
725,Ibitamuno,Good God
726,ibunimi,Know yourself
727,Ibierefagha,Good name lasts forever
728,Ibim,I'm Good
729,Ibiama,Good town
730,Ibifuro,"Good, fruitful womb"
731,Iye-opu(nye),My greatest possession
732,Inyanaboimieari,My Lord is still working on me
733,Barasua,Commit to God's hands
734,Baafuro,Tomorrow is pregnant
735,Boma,God's blessing
736,Basoene,Tomorrow is another day
737,Balafama,Be not afraid
738,Banimibo-ofori,No one knows tomorrow
739,Biedima,I'm comforted
740,Biedimanye,A thing of comfort
741,Biekpo,God has encouraged me
742,Bieobuma,Don't be angry
743,Bietonye,What I expected
744,Bietonyegha,What I didn't expect
745,Data,The father's love
746,Daba,Daughter born after her father's death
747,Daminabo,The father's friend
748,Daopunye,The father's hope
749,Datuwo,The father's child
750,Sodienye,Heavenly gift
751,Dawari,My father's house
752,Dagogo,His father's resemblance
753,Datonye,God's plan
754,Damie-simagha,My father has not done wrong
755,Damieibi,The good deeds of the father
756,Dabara,The father's hand
757,Dibiobuma,Do not take offense
758,Eremina,Women household
759,Erefagha,My name is not lost
760,Eredapa,Women household
761,Erewarifagha,A house with women will never end
762,Fila,Blessing
763,Fimienye,What death has done
764,Fiberesima,Death is the end of everything
765,Furopanye,My own blood
766,Furopanyekirim,Your child is your child
767,Ayagogo,Grandmother's resemblance
768,Adagogo,Grandfather's resemblance
770,Ḅo ịye oju-birima,Come and dress up.
771,Mu ịye oju-birima,Go and dress up.
772,Ị ịye oju-birima ma?,Have you dressed up?
773,"Ịịn, A ịye oju-birima mam","Yes, I have dressed up."
774,"Ofori o, na A ịye oju-birimagha","No, I have not dressed up."
775,Ị ịye oju-birima ḅẹ?,Will you dress up?
776,"Ịịn, A ịye oju-birima bem","Yes, I will dress up."
777,"Ofori o, A ịye oju-birima bịgha","No, I will not dress up."
778,Ị ịye oju-birima dọghụ?,Do you want to dress up?
779,"Ịịn, A ịye oju-birima dọghụm","Yes, I want to dress up."
780,"Ofori o, A ịye oju-birima dọụgha?","No, I don't want to dress up."
781,A ịye oju-birima ḅẹm miesosaa,I will dress up when I'm done (later).
782,A ịye oju-birima ḅẹm eneḅaa ḅụ,I will dress up in the afternoon.
783,"A ị'warịbie imim, A ịye oju-birima dọghụm sị wa mu","I'm in my room, I want to dress up so that we can go."
784,"Sọm ịye suabịtẹ, A ịye oju-birima dọghụm","Where is my cloth, I want to dress up."
785,Ịye suabịtẹ ịye akpa bie imim,Your cloth is in your bag.
786,Ị tesaa mingi-biri dọghụ?,When do you want to bathe?
787,"Misaa misaa, anị A mingi-biri dọghụnye",It's right now I want to bathe.
788,Ị tesaa mingi pa awọma-apụ sịghịrị dọghụ?,When do you want to bathe the children?
789,Inine enekienye saa biri anị A mingi pa n'sịghịrị dọghụnye,It's around 8 o'clock I want to bathe them.
790,Ị tegosi na mingi-birigha saghi dedebie?,Why have you not bathed since morning?
791,"A bite sighiriari saghi dedebie, anịmagoo na A mingi birigha",I was washing clothes since morning that's why have not taken my bathe.
792,Mu mingi biri pịghị oju-birima sị wa nungu pagha,"Go, bathe and dress up and let's go out."
793,Mu awọma-apụ oju-birima sị wa ine mu ḅẹ ḅara,Go and dress up the children so we can go.
794,"Daḅọ ḅẹm ḅẹ, ị ịḅarana mingi pa wa sịghịrị pịghị wa (oju)birima",Father said that you should bathe us yourself and dress us up.
795,Ị ine ịḅarana mingi-biri pịghị iḅụ-birima ḅẹ?,Can you bathe and dress up yourself?
796,"A ine bịgha, A mingi-biri saa gonyegonye, ịḅara iye oḅudu lalagha gosi",I can't because whenever I bathe my hands do not get to my back.
797,Saḅẹ akuo ịpịrị,Bring soap for me.
798,Saḅẹ mingi-biri-warị ofori,There is no soap in the bathroom.
799,Saḅẹ mingi-biri-nga ofori,There is no soap in the bathroom.
800,"A ḅụ-birima dọghụm, A tenga nwabịtẹ nwaa ḅẹ?","I want to dress up, which wrapper should I tie?"
801,"Wa bighi bịtẹ nwaa ḅẹm, pa anị (oju)birima","We will tie George wrapper, dress up with it."
802,Órú éné óbúụ,Monday
803,Kálá fēní íbí éne,Tuesday
804,Ogunu Féní Íbí éne,Wednesday
805,Féní óbú éne,Thursday
806,Féní íbí éne,Friday
807,Kálá ōrú éné,Saturday
808,Órú éné,Sunday
809,Sịbị,Head
810,Sịbị nume,Hair
811,Tọrụ,Eye
812,Biri,Ear
813,Nini,Nose
814,bịbị,Mouth
815,Bịpị,Mouth
816,Aka,Teeth
817,Ḅẹlẹ,Tongue
818,Kọngọ,Neck
819,Ḅara,Hand
820,Ḅụọ,Leg
821,Oju,Body
822,Pulo,Oil
823,Pulo,Blood
825,Nji,Fish
826,Ḅuru,Yam
827,Mbịapka,Maize
828,Ẹlẹlẹndẹ,Orange
829,Fịnị,Firewood
830,Fịnị,Fire
832,Ama,Town
833,Arụ,Boat 
834,Iti,Rain
838,Daa,Father
839,Nyingi,Mother
840,Tamụnọ,God
841,Kurukuru,Black
842,Pịnapịna,White
843,Awụtọrụ,Red
844,Wamịna amangangaḅara ḅịpị ogbosọḅara,The unity of our culture
845,Gbere bu amamienye,The unity of culture
846,Ḅụ pa kịrịkịrị amangangaḅara ḅụ sụa,Embracing cultural diversity
847,Wamịna amangangaḅara ibi,The beauty of our culture
848,Bu bele ma amamienye,The beauty of our culture
849,Daa numboru-owutụwọ,Paternal uncle
850,Nyingi numboru-owutụwọ,Maternal Uncle 
851,Daa numboru-ọrụḅọ,Paternal Aunt
852,Nyingi numboru-ọrụḅọ,maternal aunt
853,Ọgọḅọ,In-law 
854,Dee daa,Father in-law (to husband)
855,Taa daa,Father in-law (to wife)
856,Dee nyingi,Mother in-law (to husband)
857,Taa nyingi,Mother in-law (to wife)
858,Dee numboru-owutụwọ,Brother in-law (to husband)
859,Taa numboru-owutụwọ,Brother in-law (to wife)
860,Dee numboru-ọrụḅọ,Sister in-law (to husband)
861,Taa numboru-ọrụḅọ,Sister in-law (to wife)
862,Numboru-kala-owutụwọ,Younger brother
863,Ọḅụdụ paa owutụwọ,Immediate younger brother
864,Numboru-kala-ọrụḅọ,Younger sister
865,Ọḅụdụ paa ọrụḅọ,Immediate younger sister
866,Numboru-sẹnị-owutụwọ,Senior brother
867,Tọrụkụ-sẹnị-owutụwọ,Immediate senior brother
868,Numboru-sẹnị-ọrụḅọ,Senior sister
869,Tọrụkụ-sẹnị-ọrụḅọ,Immediate senior sister
870,Ịḅụ sẹnịḅọ,My senior
871,Ịḅụ kalatụwọ,My junior
872,Numboru-owutụwọ nudu ye,Nephew
873,Numboru-owutụwọ nudu ḅa,Niece
874,A ,I 
875,A ,Me
876,ịrị,I 
877,ịrị,Me
878,Ịye,My
879,Ịyenye,Mine
880,ị́rị́,You 
881,ị́yé,Your 
882,á,Her
883,á,She
884,Árị ,She
885,Árị ,Her
886,Árịnye,Hers
887,o,He 
888,o,His
889,Ori ,His
890,Ori ,He 
891,ọ́rịnye,His
892,wá,We 
893,wá,Us
894,Wámịnị,Us
895,Wámịnị,We
896,Wámịna,Our
897,Nnị ,They
898,Nnị ,Them
899,n',They
900,Nna,Their
901,Anị,That
902,n',Them
903,Anị,It 
904,Saghi,Arise
905,Saghi,From
906,Saghi,Start
907,Nye saghi,Pick up
908,ẹnwẹẹ́,Take effect (as a curse or invocation)
909,ẹnwẹẹ́,Asthma
910,Fẹ,Market
911,Fẹ,Buy
912,Fie,Utter
913,Fie,Speak (language)
914,Fie,Blow (wind)
915,Iye ẹrẹ ọtẹnye?,What is your name?
916,Ọ Boma,It is Boma.
917,Mie míngí ma wa ḅu-ḅum,This is the water we drink.
918,Ida ḅuarị,My father is drinking it.
919,Inyingi ḅuarị,My mother is drinking it.
920,Anị ibim,It is good.
921,Tamụnọ nẹngịnye ofori,Nothing surpasses God.
922,"I yingi, A igbe findi-nye ma doghuari","My mother, I am looking for the key."
923,I ikasi ogono ani warigha?,Didn't you keep it on the chair?
924,"Iin, A ani warim aninga, kuma A mini ani arigha","Yes, I kept it there, but I cannot find it again."
925,Burusuu nga dighi; ani ine aninga imi bem,Look around the kitchen area; it might be there.
926,"I yingi eeee, ani ari mam ooo","My mother, I have found it"
927,I tenga ani ari bo?,Where did you find it?
928,A ani arim wari torukuu imi ikasi ogono,I saw it on top of the chair in front of the house.
929,"Duma, i miebam. Saa ene ene, iri na wamina yingi na ani doghuari","Thank you, Duma. Since morning, our mother and I have been looking for it."
930,"Tamuno, imiebam si wamini ani ari-bo mam",Thank God that we have seen it.
931,Igodo ma tuwo bara imi?,Who has the padlock? (In whose hands is it?)
932,"Ani i bara imim, yingi","It is in my hands, mother."
933,"Ani akuobo si gberesaa bupo ma kasii, furu-apu wari ma som bigha bara","Bring it so the door can be locked, so thieves don't enter the house."
936,Fụḅara kpo,Forehead
937,Tọrụkụ,Face
939,Tọrụmgbọlụ,Eyeball
940,Tọrụanjị,Eyebrow
941,Tọrụnume,Eyelash
944,Ninibie,Nostril
945,Bịpịmpara,Lips
948,Ḅapo,Chin
949,lughú,Jaw
950,íkú ,Jaw
951,Mgba ,Jaw
952,Mgbanga,Cheeks
954,Pụghọ,Throat
955,Abana,Shoulder
956,Kukubie,Chest
957,Tinibie,Armpit
958,Ndo,Breast
959,Ndo bịpị,Nipple
960,Furo,Stomach
961,Mbu,Navel
962,Ḅara,Arm
964,Ḅaratungu,Elbow
965,Ḅarakọngọ,Wrist
966,Ḅaratumgbọlụ,Finger
967,Mime,Fingernail
968,Ḅaraku,Palm
970,Ḅụọ-ẹlẹghẹ,Thigh
971,Ḅụọsịbị,Knee
972,Ḅụọmgbo,Shin
973,Ḅụọfuro,Calf
974,Ḅụọtungu,Heel
975,Ḅụọkọngọ,Ankle
976,Ḅụọtumgbọlụ,Toe
977,Ḅụọ imime,Toenail
978,Ḅụọ-ọgọnọ,Foot
979,Ḅụọ-kuu,Sole of the foot
980,Kingi,Knife
981,Agidi,Machete
982,Ekwe,Spoon
983,Boli,Bowl
984,Efere,Plate
987,Taba-pulo,Cooking oil
988,Dim-pulo,Palm oil
990,Orosi,Rice
991,Nama,Meat
992,Bara-siri pan,Wash hand basin
993,Bara-si bite,Hand towels
994,Fo,Ashes
995,Anyi-gbolu,Charcoal
996,Afina,Garri
997,Sabe,Soap
998,Ḅẹlẹ,Pot
999,Mingi-so-ḅẹlẹ,Water pot
1000,Mingi-so-ḅẹlẹ,Kettle
1001,Sapo,Sponge
1002,A o nengim,I am older than him.
1003,Ori o nengi ma nye mieari,He is doing something greater than himself.
1004,Ari opu kiri la mam firi-kiri bu,She has reached a senior position at work.
1005,Ori a nengigha,He is not senior to her.
1006,Wangị,Walk
1007,Mangị,Run
1008,Dosi,Jump
1009,Fii,Blow by mouth
1010,Fii,Fly 
1011,Fii,Whistle
1012,Ḅọrọ,Pass by
1013,Pịrị,Give
1014,Duwa,Follow
1015,Arị,See
1016,Arị,Find
1017,Laama,Touch (with hand)
1018,Nimi,Know
1019,Biekoroma,Remember
1020,Bieḅarama,Forget
1021,Sughu,Dig
1022,Dẹrị,Laugh
1023,Owu,Weep
1024,Owu,Cry
1025,Suu,Sing
1026,Sẹghị,Dance
1027,Tii,Play
1028,Balafaa,Fear
1029,Sị,Greet
1030,Bii ,Salute
1031,Owusọ,Fight
1032,Si,Call 
1033,Fịrịma,Send (someone)
1034,Dugho,Say
1035,Ḅẹẹ,Say 
1036,Gbila,Ask (question)
1037,Paragha,Reply
1038,Bii,Ask (request)
1039,Minima,Refuse
1040,Ḅẹlẹma,Love
1041,Ḅẹlẹma,Like
1042,Kuru,Wait
1043,Dọghụ,Look for
1044,Faa,Finish
1045,Faa,Lose (something)
1046,Nyana,have
1047,Kubiri,Gather (things)
1048,Furu,Steal
1049,Akị,Take (one thing)
1050,Sẹlẹaki,Choose
1051,Sẹlẹ,Select
1052,Gbẹẹ,Cover
1053,Gbẹẹ,Pay 
1054,Gbẹẹ,Grind
1055,Kịẹ,Count
1056,Die,Show
1057,Die,Share
1058,Die,Divide
1060,Tẹ,Shoot
1061,Ḅaa,Kill
1062,Kpangịrị,Fry
1063,Fọọ,Roast
1064,Timi,Beat (person)
1065,Timi,Pound (in mortar)
1066,Bima,Extinguish
1067,Bima,Full
1068,Bima,Switch off 
1069,Sara,Pour
1070,Gbii,Throw
1071,Gbii,Sew
1072,Ịkelekele,Turn round 
1073,Ịkelekele,Wander round
1074,Sịbị kpẹẹ,Plait hair
1075,Dọrị,Weave (cloth)
1076,Fangala,Spin (thread)
1077,Ḅụbirima,Dress up
1078,Bịtẹ si,Take off clothes
1079,Sịghịrị,Wash (things)
1080,Nụnụ,Pull
1081,Súmaá,Push
1082,Farị,Beat (drum)
1083,Puu,Break (pot)
1084,Puu,Split
1085,Anyịma,Break (stick)
1086,Tulu,Pierce
1088,Fị́ị́,Eat
1089,Nyẹ́ Fị́ị́,Eat something
1090,A nyẹ́ fị́arị,I am eating something.
1091,Ị́ tẹ fị́arị,What are you eating?
1092,A ḅurú fị́arị,I am eating yam.
1093,A ọrọ́sị fị́arị,I am eating rice.
1094,A akị́dị fị́arị,I am eating beans.
1095,Ị́ nyẹ́-fị́ị́ bẹ̄?,Will you eat?
1096,A nyẹ́-fị́ị́ dọ́ụghā,I don't want to eat.
1097,Fị́ịnyé tarị́arị,I'm hungry .
1098,ḅuru ịtarị́arị,I'm hungry.
1099,ḅuru ịtarị́arị,I'm hungry for yam
1102,Fịnyẹ má opu-ịkasị ọ́gọ́nọ́ ḅụ imim,The food is on the table.
1103,Obiri fị́nyẹ ma opu-ịkasị sughu imim,The dog's food is under the table.
1106,Fịnye ma anị wa laa bẹ?,Will the food be enough for us?
1107,Anị wa laa mam,It is enough for us.
1108,Anị wa laa mam,It has reached us
1109,Akalụ,Moon
1110,Akalụ,Month
1111,Opuịkasị,Table
1112,Ịkasị,Chair
1113,Imo,Sweat
1114,Dighi ma,The rope
1115,Asatụwọ,Youth
1116,Tadọapụ,Ancestors
1117,Fọrụ,Cockroach
1118,Fọrụ,Wind
1119,Nainnain,Anxiety
1120,Nainnain,Worried
1121,Wasama,To spread
1122,Ḅuruḅa,Famine
1123,Kunoma,End
1124,Kunoma,Last
1125,Ḅologha saa ḅụ,In a short while
1126,A bịtẹ sịghịrịarị saghị dedebie anịmago(sị) na A mingibirigha,"I have been washing clothes since morning, therefore I haven't bathed."
1127,A bịtẹ sịghịrịarị saghị dedebie anịị A goo na mịngibirigha nye,It is the clothes I've been washing since morning that caused my not bathing.
1128,"A bite sighiriari dedebie ene, animago, na A mingi birigha",Washing clothes all through the morning is the reason I have not bathed.
1129,"Saghi dedebie ene-ene A bịtẹ sịghịrịarị, anịmago na A mingi birigha","Starting from early morning I've been washing clothes, so I haven't bathed."
1130,"Saghị dedebie A bịtẹ sighiriari go, na A mingi birigha","Because I have been washing clothes since morning, I have not bathed."
1131,"A bịtẹ sighiriari go, saghi dedebie ene, na A go mingi birigha nye",My washing clothes throughout the morning is why I am yet to bathe.
1132,"A bịtẹ sighiriari go saghi dedebie, na A go na mingi birigha nye","Since I was washing clothes since morning, that is why I haven't bathed."
1133,"A bịtẹ sịghịrị fịnịm dedebie, na ogosi mingi birigha nye","I finished washing clothes just now since morning, that is why I haven't bathed."
1134,"Daḅọ ḅẹm ḅẹ, ị ịḅarana mingi pa wa sịghịrị pịghị wamina (oju)birima",Father said that you should bathe us yourself and dress us up.
1136,Ḅo ḅụlọlọ,Come and lie down.
1137,Mịnga ḅụlọlọ,Lie down here.
1138,Mu aninga ḅụlọlọ,Go and lie down there.
1139,Ị mịnga ḅụlọlọ dọghụ?,Do you want to lie down here?
1140,"Ịịn, A mịnga ḅụlọlọ dọghụm","Yes, I want to lie down here."
1141,"Ofori o, A minga ḅụlọlọ dọụgha","No, I don't want to lie down here."
1142,"Bịa ene, o mịnga ḅụlọlọm",Yesterday he lay down here.
1143,Arị ma ani mịnga ḅụlọlọarị ḅọ saghị ene-ene,She has been the one lying down here since.
1144,Ọ mu ḅụlọlọ sị muno,You (plural) should go and lie down and sleep.
1145,Enegbọrụ nnị ibila ma ḅụ ḅụlọlọm,They lay down on the mat all day.
1146,"Ene gonyegonye, nnị ibila ma ḅụ ḅụlọlọ ḅụlọlọm","Everyday, they lie down on the mat."
1147,Ị ibila ma ḅụ ḅụlọlọ bẹ?,Will you lie down on the mat?
1148,Ịịn A ibila ma ḅụ ḅụlọlọ bẹm,Yes I will lie down on the mat.
1149,Wa ibila ma ḅụ ḅụlọlọ bịgha,We will not lie down on the mat.
1150,Ị ibila ma ḅụ ḅụlọlọgha?,Didn't you lie down on the mat?
1151,A ibila ma ḅụ ḅụlọlọgha,I didn't lie down on the mat.
1152,Anịnga ḅụlọlọ ma,Do not lie down there.
1153,Mini anịnga ḅụlọlọ ma,Do not lie down there again.
1154,Obiri ma munoarị,The dog is sleeping.
1155,Oḅori ma ḅụlọlọarị,The goat is lying down.
1156,Pọọsị ma na anị awọ na munoarị,The cat and its kitten are sleeping.
1157,Nnị muno dọghụm nna warịbie,They want to sleep in their room.
1158,Ị tesaa muno bẹ,When are you going to sleep?
1159,A esenie enekịẹnye ḅụ mu muno bẹm,I am going to sleep by 9 o'clock.
1160,Ị tẹnga muno bẹ?,Where will you sleep?
1161,A ịwarịbie muno bẹm,I will sleep in your house.
1162,Ị tego sị saa mamgba muno muno?,Why do you sleep all the time?
1163,Ị ḅu kụrọagh anị A go saa mamgba muno muno nye,"I'm not well, that's why I'm sleeping all the time."
1164,Muno na ịtọrụ sọgha,I'm not feeling sleepy yet
1165,A ḅụlọlọ saa muno ịtọrụ fafaam,Whenever I lie down sleep disappears from my eyes.
1166,Á tẹnga muno bịa-ene dii?,Where did she sleep last night?
1167,Á warị bie munom bịa-ene dii,She slept in the house last night.
1168,Daa ịḅoma,Welcome father.
1169,"Ịịn ịye awọ, ọmịẹḅam","Yes my children, thank you."
1170,Ọtọrọ fịnị?,How are you?
1171,Wamịnị ibim,We are fine.
1172,Ọ nyẹfị ma?,Have you people eaten?
1173,"Ịịn, wa nyefị mam",Yes we have eaten.
1174,Ọ́ tẹ fị?,What did you eat?
1175,Wa nụnụma na fụlọ fịm,We ate garri and soup.
1176,Tụwọ anị tẹlẹma ọpịrị?,Who prepared it for you?
1177,Nyingiḅọ tẹlẹma wa pịrịm,Mother prepared it for us.
1178,"Susi ee, oboma",Worship and praise him.
1179,Oboma nyanaḅọ,He is the Lord of praise.
1180,A fẹghẹ muarị,I am going to the market.
1181,Ị te fẹ dọghụ?,What do you want to buy?
1182,A fụlọ sọọ nye fẹ dọghụm,I want to buy items for cooking soup.
1183,Ị tẹnga fẹghẹ mu n'fẹ dọghụ?,Which market do you want to go to?
1184,A Okoloma fẹghẹ mu n'fẹ dọghụm,I want to go and buy them from Bonny main market.
1185,A nama gbogbo fẹghẹ mu n'fẹ bẹm,I am going to buy them from slaughter market.
1186,Je fẹghẹ mu sị mu n'fẹ,Go and buy them from another market.
1187,Ị tẹ deriari?,What are you selling?
1188,A samuno nji na ḅuru na deriari,I am selling dry fish and yam.
1189,Ị tọrọpa nji ma na ḅuru ma na dẹrịari?,How are you selling the fish and the yam?
1190,N'ndẹẹ́?,How much are they?
1191,Sọm n'laa ḅara?,How much are they worth?
1192,"Nji ma Naịra sọnọ-a-ndẹ, kuma ḅuru ma Naịra mmẹ-a-ndẹ oyi-a-si findi","The fish is ₦2k, while the yam is ₦1k."
1193,"Ah, n'nyela ḅaam","Ah, they are too expensive."
1194,Nni opuma nye laam,"Ah, they are too expensive."
1195,"Ḅọrọbẹ a ₦1500 pa ị'gbẹẹ nji ma ḅụ, pịị ₦700 pa i'gbẹẹ ḅuru ma bu","What if I pay you ₦1500 for the fish, and ₦700 for the yam."
1196,"Ofori o, anị laa (kara) bịgha, nye nyelaa ḅaam","No oh, it will not be enough, things are very expensive."
1197,"A ine nji ma pa ịpịrị ḅẹm ₦1,800, pịghị ḅuru ma pa ịpịrị ₦800",I can give you the fish for ₦1800 and the yam for ₦800.
1198,"Bẹrẹ ofori, nnị pa akpa ma bie sụa ọkọm","Okay, put them in the bag for me."
1199,A n'sụa ịpịrị ḅẹm,I will put them for you.
1200,"Paịsịsị, iye acct no sịị ọkọm",Please call your account number for me.
1201,A igbi fịrịma ị'pịrị mam,I have sent money to you.
1202,Ị nyingi tọrọfịnị?,How is your mother?
1203,Ịdaa tọrọfịnị?,How is your father?
1204,Ịwarịapụ tọrọfịnị?,How is your family?
1205,Arị bii ịpịrị,Greet her for me.
1206,Arị bii ọkọm,Greet her for me.
1207,Ori bii ịpịrị,Greet him for me.
1208,Ori bii ọkọm,Greet him for me.
1209,Ịwarịapụ bii ọkọm,Greet your family for me.
1210,"Bẹrẹ ofori, A n'sụa ịpịrị ḅẹm","Ok, I will put them for you."
1213,A iye igbi fịrịma ị'pịrị mam,"I have sent you, your money."
1214,Anị owutụwọ ma,That man.
1215,Anịị owutụwọ ma?,Is that the man?
1216,Anịị owutụwọ maa,That is the man.
1217,Paịsịsị ḅarasụa ịpịrị wa nwabite ma ḅụ mingi ma imima sii,Please join me to squeeze out water from this wrapper.
1218,"Ị munga munga, ḅuru tumuni tarịarị, tẹgosi?","Anywhere you go, people are hungry. Why?"
1219,"Ị dughonye gonye gonye anị Ịkpụrụma bẹm, anị goo ịbịpị gbẹẹ","Anything you say will be used against you, so better keep quiet."
1220,"Bebobebo kinimamgbagha, ọ ḅala ma","Anybody is not everybody, don't blame him."
1221,"ọmịna bie, nnị ine gbereḅọ sẹlẹakị bem",Anyone of you people can be chosen.
1222,Isiapụ ma na kpọrọfịnị opu ịkasị ma ọgọnọ,Sit with others on the table.
1223,Mie ịkasị ma ibi ḅaam,This chair is better.
1224,"Sotọrụ ma ọfịrịm, A imo suarị","The weather is hot, I am sweating."
1225,Ọ yọ ma fiema ma mịnga,I don't need noise here.
1226,Tumini ma furuapụ ma sịbị silem,The people hoot at the criminal.
1227,Mie sundu ma,This broom.
1228,Mie su ma,This cap.
1229,Mie nsị ma,This stick.
1230,Mie sii ma,This tree.
1231,Mie anyinya ma,This leaf.
1232,Mie simgbọlụ ma,This fruit.
1233,Mie mingi ma,This water.
1234,Mie sotọrụ ma,This weather.
1235,Mie Igbe ma,This box.
1236,Mie siḅe ma,This well.
1237,"Mie bịtẹ ma olom mam, paịsịsị anị pa ḅumaa","This cloth is old, please discard it."
1238,Oḅori ma fimaa sị anị wangịma ḅọrọ,Untie the goat to move about.
1239,"Ḅuru ma Kpọọ gboloma, nnị ine anị dighi ḅara",Tie the yams together so that they can be carried.
1240,A ojukụnụmanye ma Kụnụ ḅẹlẹ mam,I love the fragrance of this perfume.
1241,"Ị ịpụnụma sẹmaarị, paịsịsị dasẹma","You are pressing me tight, please stop."
1242,"Wamina Toru findi, ama egere ibi gboloma nye ḅụ",Enlighten us more about the importance of native language.
1243,"Ị tọrụ pụgha, A ine goo igbi ma arị ḅịghanye",My eyes are not blind that I cannot see the money.
1244,Ibu serere ma,Don't lean on me.
1245,"Ḅọghụ sị akị, anị wa kọọ tii̇ wamịna ịrụ saa",Hide and take was the game we played when we were young.
1246,"Igilakọnapụ, Kịnị inoma inomagha",Honorables don't cheat.
