Word,Meaning
a,I
á,she
á,her
áa,exclamation
aba,forked
aba,hammerheaded
ábá,charm
abaji,sea
abaji,ocean
abalama,dance-group
abana,shoulder
ábára,wedge
abonía,bait worm
ábōnta,praying mantis
aḅaḅa,piggyback
áḅághá,cordage
áḅásịlárị,eel fish
aḅẹ,red mud
aḅẹẹ́,heron
abẹ́ẹ,clay mud
áḅị́ḅọ́,heir
áḅị́ḅọ́,inheritor
ada,owuogbo dance
áda,grandfather
áda,aged man
ádẹ́,cricket
adụḿ,ritual salt water
áfái,wicked
áfaláfa,jellyfish
áfárị́,sardine
áfị́náa,farina
áfọ́nọ,cowife
áfọ́nọ,mate
áfọ́nọnyé,resentment
ágā,canerope
agalá,draw
ágalága,awning
agara,bad result
ágárárá,leaves
agba,sacrifice
agbamienyé,offering
ágbā,pay a visit
ágbā,river bank
ágbā,paint
agbagha,shoe
agbagha,boot
agbará,red snapper
ágbárá,side
ágbọ,shield
ágbọ̄,exclamation
agbụgba,ribs
agbụgba,bamboo
agbụgba,disease
agịdị,cutlass
agịdị,matchet
ágị́rịrị́-kéngé,small sea crab
ájákárị́,not fine
ájákárị́,bad
ájákárị́,uglylooking
ájárị́,rust
ajijimáaji,whale
aka,diplomacy
aka,art
aka,thatch
áká,tooth
ákáị,exclamation of pain
akakọḅọ́,craftsman
akalụ́,moon
akalụ́,month
akalụ́-ḿbuló-ḿbuló,agama lizard
akama,bee
akamapulo,honey
akanị,carpentry
akanị,handicraft
akanịḅọ́,carpenter
akanyá,understanding
ákió,white man
ákió,fair-skinned
ákị́,take
ákị́,receive
álápụ́-ágị́dị,sword
álī,slender
álịláa,cichlid perch
íliláa,cichlid perch
alọ,white cloth
ama,male
amaḅárā,right-hand
amakugháa,not engaged
amakúu,engagement
ama-ọlọ,engagement
amaọlọgháa,not engaged
ámá,town
ámá,country
ámáḅẹ́rẹ́,national affairs
ámáḅẹ́rẹ́dūghóḅọ́,councillor
ámáḅọ́ọ,indigene
ámáḅọ́ọ,citizen
ámádá,reign
ámádáḅọ́,president
ámádáḅọ́,district head
ámádákíri,kingdom
ámádású,crown
ámádíghítórụ́sī,amnesty
ámáẹ́gẹ́rẹ,language
ámáfọ́nyá,patriotism
ámáfọ́nyáḅọ́,patriot
ámágbọ́rụ́nyée,commonwealth
ámá-írókọḅọ,traitor
ámákórómáḅọ́,founder
ámákúrúḅọ́,policeman
ámákúrúḅọ́,woman
ámákúrúḅọ́,security
ámákúu,heart
ámákúu,centre
ámámíémíénye,tradition
ámámíénye,custom
ámánakóróḅọ́,aborigine
ámánẹ́ngíá,scorpion
ámányánáḅọ́,king
ámányánáḅọ́ wárị,palace
ámányẹ̄,commonwealth
ámáókúmúḅọ́,ambassador
ámátáa,prostitute
ámátáḅọ́,leader
amangongó,earwax
amaye,cobra
ambílē,prince
ambị́lā,princess
ámbúrá,waves
ámbúrá,billows
amgba,jaw
amụá,yawn
ánáná,sheep
ánị́ná,sheep
ánánákúrúḅọ́,shepherd
ánánásíḅéḅọ́,shepherd
ángā,dwell
ángā,reside
ángāḅọ́,dweller
ángāḅọ́,inhabitant
ángāḅọ́,resident
ángāyọ́ọ,dwelling
anịgósị, because
anịngáa,there
anịsáa,then
anị́sọ̄,even
anị́sọ̄,yet
anị́sọ̄nị,even
anị́sọ̄nị,though
anịyọ́ọ,yonder
ánjị̄,eyebrow
ányá,make bed
ányá,decorate
anyị,egg
ányị́,capsicum
ányị́maá,snap
ányị́-ḿgbọ́lụ,coal
ányị́-ḿgbọ́lụ,charcoal
ányị́nyá,leaf
apalị,axe
apapá,groundnuts
ápárá,bark
ápárá,peel
ápárá,leather
ápárá,skin
apịká,salty
ápịrịgbánị,grasshopper
ápụ́sị́rị,brave leopard
arị,poison
arị,charm
arị,witchcraft
árị,she
árị,her
árị́,see
árị́,view
árị́,hook
arịaḅẹ́lẹ,clay
arịḅọ́,witch
árị́ dírí,rope
árụ́,canoe
árụ́ángá,side
árụ́ángá,gunwale
ákị́áḅalị,kingfisher
akị́dị,beans
akịẹ́,bitterkola
ákị́álālá,kingfisher
ákị́sị,headtie
ákị́sị,handkerchief
akótó,snuffbox
akpa,bag
akpa,pocket
ákpákpá,thickness
ákpákpá,thick
akpakpa fií, somersault
akpakuru,fufu
ala,salt
álá,wealth
alabirighá,measles
áláḅọ́,rich man
áláḅọ́,chief
alagba,masquerade
alágbā,gun
alalá,funnel
alịlá ,siphon
álála,hastily
álála,fast
álá-ḿgbára,sceptre
álá-ḿgbára,walkingstick
alapambá,bedbug
árụ́gbẹ́nyẹ,freight
árụ́-ígbū,fare
árụ́kụ́lọ́,prow
árụ́kụ́lọ́,bows
árụ́kụ́lọ́dáḅọ,captain
árụ́kụ́lọ́dáḅọ,chief
árụ́píghéḅị́tẹ,flag
bafíni,bird
bafíni,standardwing
ásá,youthful
ásá,young
ásá,teenaged
asáafọ́rụ́,fish
asáafọ́rụ́,guinean
ásámbárá,youthful
asamịna-alo,linen
ásátí,bluff
ásátụ́wọ,youth
ásátụ́wọ,young
asẹmẹ,royal
asẹmẹ-ama,kingdom
asẹmẹḅọ,king
asẹmẹḅọ,nobleman
asẹmẹfúro,royal family
asẹmẹtụwọ,noble
ásịlá,mudskipper
áchịlá,mudskipper
asọ,road
asọ,path
asọ,way
asọ iríi,get lost
asọ nwangị́, travel 
asọnwangịḅọ́,traveller
asọ-ogbóo,street
asọ-ogbóo,middle of street
ásụ,horse
ásụtụwọ,foal
ataḅala,tilapia
ataḅala,cichlid
átámgbá,drum
átáḿgbóló,mosquito
atara,sphagnum
atara,moss
atié,ten
Átíli,name
átíngi,greatgrandmother
atọ́nị,manilas
átụma,mud
Áwúsá,hausa
áwụ́,camwood
áwụ́-áwụ,red
áya,grandmother
áya,old woman
áyádédébie,dawn
áyálẹ́lẹ́,blossom
ayara,young plant
áyásáa,ancient
áyásáa,past
áyásághị,the beginning
áyō,onions
áyoró,swallow
áyoró,perhaps
baá,light
Tọntọdiri,bible
bagbo,Hypocrite
bálā,shad
bálā,nurture
báláláam,valuable
bálịlị,gunpowder
bánábáná,often
beghebeghe,not strong
beghebeghe,soft
Ḅẹrẹfama,settlement
Ḅẹrẹfama,pardon
beghebeghe,shivering
beka,airconditioner
békéma,unaware
békéma,suddenly
béle,gospel
bíē,inside
bíē,interior
bíē,mind
bíē,opinion
bíéákụ̄,malice
bíéákụ̄,hatred
bíẹ́ḅẹlé,gladness
bíẹ́ḅẹlé,happiness
bíédīmáḅọ́,comforter
bíēfọ́ọ̄,selfcontrol
bíēfọ́ọ̄,patience
bíéfọ̄ghá,impatience
bíéfụ̄rụ́,annoyance
bíégbāná,fidelity
bíé-íkīrí,endurance
bíéju,inside
bíékīrí,bedroom
bíékōrómádíri,diary
bíélọ̄ọ́,softhearted
bíélọ̄ọ́,mild
bíémẹ́mẹ́,doubt
bíémẹ́mẹ́,doubtfulness
bíénụ̄nụ́,uneasiness
bíé-óḅū,anger
bíé-óḅū,wrath
bíé-óḅū,annoyance
bíé-óḅū,grief
bíéóḅūmányé,provocativeness
bíé-ọlọ̄,selfcontrol
bíé-ọlọ̄,patience
bíésií,sadness
bíésīmányé,irritation
bíétọ̄,desired
bií,greet
bií,ask
bií,request
bií,solicit
bií,beg
bií,wish
bií,want
bíí,be full
biíḅọ,european
biíḅuru,breadfruit
bíiná-ị́nyaụ,banana
biiná-ọ́bịọ,duck
biinyé,need
biinyé,want
biirii,dress gorgeously
bilé,dive
bilé,sink
bílíbílí,labour
bílíbílí,work
bílíbílíḅọ́,labourer
bílíbílíḅọ́,worker
bílíbílí,act
bílíbílí,toil
bílíbílí,travail
bílīlíí,blink
bímáa,extinguish
binyé,desire
biri,ear
birinụnụ́,warning
bírí,trunk
bírí,abdomen
bírī,bathe
bíríángā,district
bíríḅọ,someone
bíríḅọ,companion
biríkenge,centipede
birimabíri,middle
bịá,be ripe
bịá,shine
bịá,be bright
bịá,get cooked
bịá,collide
bịá,strike
bịá,yesterday
bịamá,collide
bịamá,meet with force
bịaḅọ,foreigner
bị́bị́,mouth
bị́bị́,front
bíẹ́,defecate
bịghá,conspire
bị́ghị,fall
bị́ghị,stumble
bịla,elephant
bịlatẹḅọ́,elephant hunter
bịlagbị́,stinging be
bị́rị́ḅọ́,doctor
bị́rị́wárị́,hospital
bịtẹ,cloth
bịtẹdorinyẹ́,loom
ókólóama,Bonny
bóā,be plenty
bóāgha,not plenty 
bóbō,fondle
bódoro,butter
Ḅọrọḅẹ,what if
Ḅọrọḅẹ,how about
bomá,praise
bọ́lị,bowl
bọ́lị,basin
buasịsaa,seldom
ḅá,kill
báápú,killers
ḅá,slaughter
ḅá,break
ḅá,shatter
ḅá,stain
ḅáāsó,dawn
ḅáḅā,goodnight
ḅáḅáḅọ́,one
ḅáḅáḅọ́,serial killer
ḅáḅáápú, serial killers
ḅáḅọ́,killer
ḅala,fishing
ḅalá,comb
ḅalá,brass
ḅáláḅálá,struggle
ḅáláfa,be afraid
ḅáláfaḅọ́,coward
ḅáláfaḅọ́,pusillanimous
ḅáláfámá,fearful
ḅáláfámá,frightening
ḅáláfámányẹ́,fearful thing
ḅálákūkú,wahlbergs eagle
ḅálólia,morning
ḅálōló,evening
ḅanyẹ́,catarrh
ḅápó,chin
ḅápúró,stammer
ḅápúróḅọ́,stammerer
ḅárā,hand
ḅárā,arm
ḅáradéghē,arm
ḅáradíghítụ̣́wọ,infant
ḅáradíghítụ̣́wọ,babe
ḅárāị́kārị,ankle
ḅárākọ́ngọ,wrist
ḅárákū,palm
ḅárámíme,fingernail
ḅáráọ́lōákị́sị,handkerchief
ḅáráọ́lọ́nyẹ́,handle
ḅárásāní,swinging
ḅárātúmgbọlụ,finger
ḅárātúmgbọlụ̣́sụanyẹ,ring
ḅárātúngu,elbow
ḅárā,way
ḅárābínghá,constantly
ḅárābínghá,often
ḅárápáyií,adoption
ḅárápị̄máḅọ́,petty trader
ḅárási,leave
ḅárási,acquit
ḅárási,acquittal
ḅárásụ̄ányẹ́,assitance
ḅárásụ̄ányẹ́,help
ḅárị́,add
ḅarimanyẹ́,help
ḅarimanyẹ́,assistance
ḅáụ́,hit
ḅáụ́,strike
ḅáụ́,knock
ḅáụ́,box
ḅáụ́ gbólómaá,weld
ḅé,that
ḅélémaá,divulge
ḅẹ,that
ḅẹẹ́,talk
ḅẹghẹ,abroad
ḅeke,abroad
ḅẹlẹ́,sweet
ḅẹlẹ́,tasty
ḅẹ́lẹ́,cookingpot
ḅẹ́lẹ́,tongue
ḅẹ́lẹ́kị́,fat
ḅẹ́lẹ́kị́sụ́á,fatty
ḅẹ́lẹ́kị́sụ́á,greasy
ḅẹlẹmá,love
ḅẹlẹmá,like
ḅẹlẹonúu,flavour
ḅẹ́lẹ́tẹ́lẹ́máḅọ́,pot repairer
ḅẹ́lẹ́tẹ́mẹ́ḅọ́,potter
ḅẹ́m,honey
ḅẹ́rẹ́,case
ḅẹ́rẹ́,affair
ḅẹ́rẹ́,matter
ḅẹ́rẹ́,dispute
ḅẹ́rẹ́ḅárásií,conviction
ḅẹ́rẹ́dọ́ghụ́ḅọ́,offender
ḅẹ́rẹ́fángálá,argument
ḅẹ́rẹ́ fọ́nyá,argue
ḅẹ́rẹ́fọ́nyá,argument
ḅẹ́rẹ́gbílá,inquiry
ḅẹ́rẹ́gbílá,investigation
ḅẹ́rẹ́gbíláḅọ́,investigator
ḅẹ́rẹ́kọ́,judgement
ḅẹ́rẹ́kọ́ḅọ́,judge
ḅẹ́rẹ́kọ́ḅọ́,magistrate
ḅẹ́rẹ́kọ́wárị,court
ḅẹ́rẹ́mị́ẹ́ḅọ́,litigious
ḅẹ́rẹ́mị́ẹ́ḅọ́,troublesome
ḅẹ́rẹ́náḅọ́,litigious
ḅẹ́rẹ́nụ́nụ́á,argument
ḅẹ́rẹ́pẹ́lẹ́ḅị́pị,decision
ḅẹ́rẹ́pẹ́lẹ́ḅọ́,arbitrator
ḅẹ́rẹ́tọ́ḅọ́,director
ḅẹ́rẹ́tọ́ḅọ́,governor
ḅẹ́rẹ́tọ́bárá,governance
ḅẹsá ḅẹsá,ever
ḅẹ́ ya,you fellow!
ḅị́lā,diarrhoea
ḅị́pị́,mouth
ḅị́pị́ḅẹ́lẹ,tongue
ḅị́pị́ḅẹ́lẹ́má,conversation
ḅị́pị́gbẹ́nyẹ,cover
ḅị́pị́gbẹ́nyẹ,lid
ḅị́pị́ júu,forward
ḅị́pị́ júu,infront
ḅị́pị́-ḿpára,lip
ḅị́pị́mú,progress
ḅị́pị́ógbosọ́ọ,agreement
ḅị́pị́ógbosọ́ọ,treaty
ḅị́pị́ókólo,tip
ḅị́pị́ókólo,peak
ḅị́pị́-ósí,obedience
ḅị́pị́-ósíghá,disobedience
ḅị́pị́pághara,lips
ḅị́pị́pị́rị́má,advance
ḅị́pị́ púghú,obey
ḅị́pị́púghú,obedience
ḅị́pị́púghúághá,disobedience
ḅó,come
ḅólō,stick fast
ḅólō,connect
ḅólō,embrace
ḅólō,paste
ḅorí,pillar
ḅorí,post
ḅorokírī,fishingpot
ḅorokírī,fishing
ḅọlọ́,be far
ḅọlọ́,distant
ḅọ́lọ̄,borrow
ḅọ́lọ̄,lend
ḅọlọjú,far
ḅọlọyọ́,far
ḅọọ́,hide
ḅọọ́,conceal
ḅọọmá,hide
ḅọ́ púló,honey
ḅọ́ró,fireplace
ḅọrọ́,dislocate
ḅọ́rọ́,move
ḅọ́rọ́,pass
ḅọ́rọ́,pass
ḅọrọmá,save
ḅọrọmá,rescue
ḅọ́rọ́ma,purlin
ḅọ́rọ́ma,escort
ḅọ́rọ́ma,lead
ḅọ́rọ́ma,accompany
ḅu,mangrove
ḅú,drink
ḅúló,tempest
bunábolu,Tiger Bittern 
ḅupiri,evening
ḅuru,yam
ḅurutarị,hunger
ḅurugbọḅalá,iron
ḅuru-ịmọọ́,fasting from food
ḅurusọyọ́,cooking
ḅúrúḅúrú,unclear
ḅúrúḅúrú,dim
ḅúrúmá,indigo
ḅúrúsū,kitchen
ḅụ́,body
ḅụ́,self
ḅụ́ákụ̄,pain
ḅụ́ ḅá,fret
ḅụ́ ḅá,worry
ḅụ́ḅẹ́lẹḅárá,voluntarily
ḅụ́ḅẹ́lẹḅárá,willingly
ḅụ́ḅẹ́nyẹ́,kind
ḅụ́ḅẹ́nyẹ́,pattern
ḅụ́ḅírímányẹ́,apparel
ḅụ́bómá,selfpraise
ḅụ́bómá,boasting
ḅụ́búbu,freshly
ḅụ́dá,difficult
ḅụdii,sorry
ḅụgbọnyi,loneliness
ḅụ́díé,vanity
ḅụ́fọ́nyá,selfdefence
bụ́fọ́nyáḅọ́,defendant
ḅụ́gbẹrẹpụ́,wonder
ḅụ́gbẹ́rẹ́púmányẹ́,wondrous
ḅụ́gbẹ́rẹ́púmányẹ́,miracle
ḅụ́gbẹ́gha,indecent
ḅụ́gbẹ́nyẹ́,fitting thing
ḅụ́gbọ́nyí,lonesome
ḅụ́gịrịrị́,shame
ḅụ́gị́rị́rị́mányẹ́,shameful
ḅụ́gị́rị́rị́mányẹ́,shameful thing
ḅụ́gị́rị́rị́mányẹ́,attitude
ḅụ́-íkú-óbíi,dropsy
ḅụ́keké,suffocation
ḅụ́nímíáówúu,assault
ḅụ́nímíḅọ́,selfaware
ḅụ́-ńjịrị́,sympathy
ḅụ́-ńjị́rị́mányẹ́,tragedy
ḅụ́nyáná,independence
ḅụ́nyáná,freedom
ḅụ́pị́ghị́arịḅọ,defendant
ḅụ́pụ́ámá,surprise
ḅụ́pụ́ámányé,astonishment
ḅụ́pụnụ́,sluggish
ḅụ́pụnụ́,indolent
ḅụ́pụnụ́,lazy
ḅụ́sághị́,pride
ḅụ́sminí,submissive
ḅụ́símínímá,submission
ḅụ́sụ́á,adventure
ḅụ́súáḅọ́,adventurer
ḅụ́súáḅọ́,venturer
ḅụ́tẹ́rẹ́má,humility
ḅụ́tẹ́rẹ́má,lowliness
ḅụ́tí,rejoicing
ḅụ́tí,gladness
ḅụ́tọ́,pride
ḅụ́ghụ́lọ́,board
ḅụ́ghụ́lọ́,embark
ḅụ́ghụ́lọ́,enter
ḅụ́ghụ́lọ́,ship
ḅụkọ,monkey
ḅụkọ-obíi,leprosy
ḅụkụmgbọ́,clitoris
ḅụlọlọ́,lie
ḅụ́ọ́,leg
ḅụ́ọ́,foot
ḅụ́ọ́-ẹ́lẹ́ghẹ,thigh
ḅụ́ọ́fúro,calf of leg
ḅụ́ọ́-ị́kárị,ankle
ḅụ́ọ́-ị́nyọ,instep
ḅụ́ọ́kọ́ngọ,ankle
ḅụ́ọ́kụ́ụ,sole
ḅụ́ọ́ḿgbọ́,leg
ḅụ́ọ́sị́bị,knee
ḅụ́ọ́túngu,heel
ḅụ́ọ́tụ́ḿgbọlụ,toes
ḅụ́pọ́,door
ḅụ́pọ́kúrúḅọ́,doorkeeper
ḅụ́pọ́kúrúḅọ́,porter
ḅụ́pọ́kúrúḅọ́,gateman
ḅụ́rọ́,slap
ḅụrụ́,be rotten
daa,father
daa,dad
daá,hold
daá,keep
daá,rafters
dáaḅa,fathers
daadáa,straight
daádighí,examination
daádighí,trial
daádighí,temptation
daádighiḅọ́,one
daádighiḅọ́,examiner
daádighinyé,thing for test
daáduoḅọ́,interpreter
daaduomá,interpretation
dághalá,torment
dághalá,torture
dagógo,fathers namesake
dálā,comb
dálā,scratch
damadámá,opposite
daterema,alight gently
dápá,pool
dápá,pond
dápábíe,lake
Dáppá,third son
dápị́rị́,stone
dápó,kolanut
dápúū,echo
dápúū,telephone
dárị́,boil
dárị́,bubble
dárị́,billow
darịmáa,make way
darịmáa,go away
darịmáa,get away
dasẹ́ẹ,halt
dasẹ́maá,resist
dasẹ́maá,resistance
dasẹ́maḅọ́,rebel
dawọ́,learn
dawọḅọ́,scholar
dáwọ́,dream
dáwọ́ḅọ́,dreamer
dede,morning
dedebíē,early morning
dee,husband
deeḅọ,husband
dẹ,erect
dẹ́ẹ̄,drive
dẹ́ẹ̄sií,banishment
dẹ́ẹ̄ sú,drive in
dẹ́ẹ̄,place
dẹ́ẹ́rẹ́ẹ,consecration
dẹrẹsọ́ḅọ́ọ,consecrator
ḍẹghẹresọḅọ,consecrated
dẹrẹsúāḅọ́,consecrated
dẹ́ghẹ́dẹ́ghẹ́,finely ground
dẹ́ghẹ́dẹ́ghẹ́,powdered
dẹ́kị,storey
dẹ́kị,deck
dẹrị́,sell
dẹrị́,betray
dẹrịḅọ́,seller
dẹrịḅọ́,vendor
dẹrịnyẹ́,vendible
dẹrị́,laugh
dẹrịnyẹ́,something
dié,teach
dié,show
dié,present
diekirí,share
dienyẹ́,doctrine
diepágháma,proof
diépịrịnyé,donation
diépịrịnyé,present
diépịrịnyé,gift
dighí,look
dighí,expect
dighiḅọ́,spectator
dighiḅọ́,inspector
dighiḅụ́jirí,mercy
dighidighiḅọ́,caretaker
díghí,rope
díghí,cord
díghī,carry
díghīnyé,load
díghīnyé,burden
dighidighíi,goodbye
dii fị́nịị́,keep
dii fị́nịị́,be
dímaá,make
dii,peace
dii,calmness
dii,tranquillity
dii,peacefulness
dii,meekness
dii,mildness
diímíéḅọ́,peacemaker
díí,night
díógbó,midnight
díkọ́,pintail
dím,oilpalm
dímḅara,palmfrond
dím-iru,palmwine
dím-mgbọlụ,palmfruit
dím-osu,bunch
dím-pulo,palmoil
dím sịị,palmtree
dimá,change
dimá,exchange
dínọngụ,waves
dínọngụ,billows
dínyẹ̄,load
dipí,plant
dipí,sow
dipí,bury
dipinyẹ́,crop
dipinyẹ́,seed
dírí,leaf
dírí,tobacco
dírí,medicine
dírí,book
dírí,letter
dírídáwọ́wárị̄,school
dírígị́ẹ́ḅọ́,clerk
dírígị́ẹ́nyẹ́,paper
dírígị́ẹ́wárị̄,office
dírínímí,book knowledge
dị́á,trap
dị́á,snare
dị́á,arrow
doná,meet
doná,join
dónwí,ringworm
dórī,weave
dórīḅọ́,weaver
dosí,jump
dọghụ́,seek
dọghụ́,want
dọghụnyẹ́,what
dọghụnyẹ́,want
dọghụnyẹ́,need
dọghụnyẹ́,desire
dọghụ́,paddle
dọ́ghụ̄,burn
dọnị́i,shea
dụ́rọ́,barracuda
dọwụdọwụ́,small
dọwụdọwụ́,little
dọwụdọwụnyẹ́,little things
dọwụdọwụnyẹ́,small things
dọwụdọwụnyẹ́,irrelevant things
dúámaḅọ́,next person
dughó,tell
dughó,speak
dughó,say
dughó,talk
dughodughoḅọ́,informant
dughopị́ghị̄,contradiction
dughopị́ghị̄,contradictory
dughópịrịnyẹ́,information
dughopụ̣́nụ́maḅọ́,prosecutor
dughosárámaḅọ́,proclaimer
dughosímaá,defamation
dúmā,live
dúmā,be alive
dúmā,life
dúpú,grave
dúpúyọ́,graveyard
duú,hare
dúu,inheritance
dúū,scoop
dúū,draw
dúū,fetch
dụ́ā,save
dụ́āḅọ́,saviour
dụ́áḅọ́rọ́maá,salvation
dụ́āpághámaḅọ́,deliverer
dụ́á,corpse
dụ́á,spirit
dụ́á,ghost
dụ́áámáa,underworld
dụ́áámáḅọ,spirit
dụ́áámáḅọ,ghost
dụ́ábíe,ancestral shrine
dụ́ádípíyọ́,cemetery
dụa,farm
dụadipí,farming
dụadipiḅọ́,farmer
dụakirí,farmland
dụ́kọ,chewingstick
dụghụmá,forbid
dụ́pọ,plank
dụrụkụ́,make
dụrụkụ́,rejoice
dụ́wā,follow
dụ́wáḅọ́,follower
ébébé,slight
ebezi,ocean
ebeji,ocean
ebirisuo,stormcloud
ebirisuo,stormy
ẹ́gbẹ,hammerkop
egberi,story
egberi,dialogue
egberi,drama
egberi,trick
ékéré,slit-gong
ékéréfáríílíla,veranda for ékéré 
elémụmọ,river bank
élépé,trick
elésiá,pigeon
elésiri,desert
éné,day
éné gbọ́rụ,every day
éné gbọ́rụ,daily
énéḅáa,daylight
énéḅáa,midday
énéḅáa,afternoon
énéḅábíri,afternoon
énéḅāénéḅāéné,every day
énéfíényẹ,rumour
énéḅásogbogbo,noon
énéḅásogbogbo,midday
énékị́ẹ́nyẹ́,clock
énékị́ẹ́nyẹ́,calendar
énénénéḅụ,day by day
énéné,day by day
peépeé,Kittlitz's Sand Plover
épe,Kittlitz's Sand Plover
epekelepé ēpé,swallow
epekelepé ēpé,swift
epele,lie
epeletiḅọ́,liar
epeletiḅọ́,untruthful
epepé,indirect sunlight
ẹrẹ,woman
ẹrẹ,female
ẹrẹawọ,young ladies
ẹrẹdọ́wụ́ḅọ́,womaniser
ẹrẹyímá,midwifery
éséníé,nine
ẹ́bẹ́,alter
ẹ́bẹ́,shelf
ẹbẹkíngi,dagger
ẹlẹ,bow
ẹbẹtụndụ,high
ẹbị,watch
ẹ́bị́rị́,smart
ẹ́bị́rị́,smartness
ẹ́bị́rị́ḅọ́,smart person
ẹ́fẹ́fẹ́rẹ́,scales
ẹfẹ́ngụ̄,fan
ẹ́fẹ́rẹ́,plate
ẹ́fẹ́rẹ́,zinc
ẹgbẹgbẹ,monkey trap
ẹgẹrẹbịtẹ,wrapper type
ẹgẹnẹmingi,very high-tide
ẹgẹrẹ́,bowlegs
ẹ́gẹ́rẹ́,talk
ẹ́gẹ́rẹ́,speak
ẹ́gẹ́rẹ́,word
ẹ́gẹ́rẹ́bị́pị́,language
ẹ́gụ́ẹ́,beans
ẹkakalịḅa,crack
ẹkakalịḅa,fracture
ẹkakalịḅa,fissure
ẹ́kẹ́tọ́ ,economy
ẹkẹḅẹ,cramp
ẹ́kẹ́kẹ́,clay frying pot
ẹ́kẹ́maá,filter
ẹ́kẹ́maá,strain
ẹ́kẹ́maá,skim
ẹ́kẹ́manyẹ́,sieve
ẹ́kẹ́manyẹ́,sifter
ẹkẹmẹkẹ,be dumbfounded
ẹ́kẹ́ngẹ́,fiddler
ẹ́kẹrẹ́ẹ,trap
ẹ́kẹ́tọ́,economize
ẹkpẹ,hegoat
ẹkpẹ,promiscuous person
ẹ́kpẹ́dụ́á,devil
ẹkụe,spoon
ẹlẹ,mullet
ẹlẹgbẹ,cock
ẹ́lẹlẹ́ndẹ,orange
ẹ́lẹlẹ́ndẹ,green
ẹmẹ,semen
ẹmẹẹ́,dive
ẹ́nwẹ́,take effect
ẹ́nwẹ́,asthma
ẹ́nwẹ́,consumption
ẹnwẹnẹ,spherical
ẹpẹlẹ́,yard
ẹpẹlẹ́,compound
ẹpẹlẹ́,draughts
ẹpẹpẹ́,sun
ẹpẹpẹnụ́,seed
ẹpẹpẹ́sabị́yọ,east
ẹpẹpẹ́tuyọ́ọ,west
ẹpẹrẹ́,belch
ẹ́rẹ́,name
ẹ́rẹ́nyánágháa,anonymous
ẹ́rẹ́nyánágháa,nameless
ẹ́rẹ́,woman
ẹ́rẹ́ámápụ,ladies
ẹ́rẹ́bíē,girls hostel
ẹ́rẹ́bíē,womens compound
ẹ́rẹ́bárā,left hand
ẹ́rẹ́ḅọ́,woman
ọ́rụ́ḅọ́,woman
ọ́rụ́ḅọ́ yaa, marry
ẹ́rẹ́ḅọ́ḅára,womanly
ọ́rụ́ḅọ́ḅára,womanly
ẹrẹ́ji,razor
ẹ́rẹ́kụ́ra,dry season
ẹrẹḿ,pike
ẹrẹmá,threaten
ẹ́rẹ́rẹ́,slow
ẹ́rẹ́rẹ́,gradual
ẹ́rẹ́rẹ́ma,slowly
ẹ́rẹ́rẹ́ma,gradually
ẹ́rẹ́símá,defamation
ẹrẹ́sị,because
ẹ́rẹ́só,fame
ẹ́rẹ́yímáḅọ́,midwife
ẹ́sẹm,periwinkle
ẹ́sẹm ákpakpa,periwinkle shell
ẹwẹlẹ,beard
ẹwẹlẹ,whiskers
faá,finish
faá,get lost
fanyẹ́,lost thing
faá,loss
famanyẹ́ẹ,lost article
fangá,twist
fángā,copper rod
fangalá,be twisted
fángalá,twist
fárị́,sharpen
fárị́,sound
fárị́,beat drum
fẹ́,buy
fẹ́ḅọ́,buyer
fẹ́nyẹ́,bought
fẹ́túwóḅọ́,trader
fẹ́ngụ́,fan
fẹ́,market
fẹ́ sírí,market
fẹ́wárị́,market
fẹ́nị́ị,trade
fẹ́nị́ḅọ,trader
fẹ́rị̄,narrow
fẹ́túwó,trade
fíé,utter
fíé,make
fíé,speak
fíéfíégháa,unsoundable
fíéfíém,sonorous
fíé,blow
fifiobíi,contagion
fii,fly
fii,jump
fíí,swell
fímaáa,loosen
fímaáa,untie
findí,open
finjí,open
finjíarị,spreading
finjíarị,extending
findinyẹ́,opened
finjí,width
findí,width
finjinyẹ́,wide
fíndí,add
fínjí,add
fíní,bird
fíní bị́rị́ḅọ,bird
fíní bị́rị́ḅọ,abyssinian
fíní wárị́,birdsnest
fíní wárị́,birdcage
firí,leak
fírí,scrape
fírí,pluck
fị́,eat
fị́fị́m,edible
fị́fị́nyẹ́,edible
fị́nyẹ́,edible
fịá,agree
fịaghá,disagree
fịaghá,dissent
fịaghanyẹ́ẹ,disagreement
fịaghanyẹ́ẹ,unsuitability
fịa,excreta
fịa,faeces
fịa,dung
fịa,stool
fịa,excrement
fị́áfị́ághányẹ́ẹ,unpleasant thing
fị́áfị́ányẹ́,clean thing
fịḅị́,dry up
fịghị́fịghị́,saw
fịị́,die
fịị́,break
fịáarịḅọ,moribund
fịḅọ,corpse
fịdụ́a,corpse
fịfịgháa,unbreakable
fịfịgháa,immortal
fịfịnyẹ́,fragile
fịgháa,unbroken
fịị́,death
fịḅụ́ụsaghị́,resurrection
fị́kọ́mangọ́ọ,bequest
fị́lā,saliva
fị́lā,spittle
fị́nā,tie
fị́nā,bind
fị́nā,wrap
fịnị,firewood
fịnị,fire
fịnị́,stay
fịnị́,remain
fịnịḅárá,act
fịnịḅárá,act
fịnịḅárá,shape
fịnịḅárá,state
fịnị kụ́rọ́maáa,steadfast
fịnịḅẹ́lẹ,flame
fịnịpághára,splinter
fịnịkirí,station
fịnịkirí,rank
fịnyẹ́,dead thing
fị́nyẹ́,food
fị́nyẹ́kọ́sị́má,digestion
fị́ónyēsẹ́,guarantee
fị́ónyēséḅọ́,guarantor
fịrị,work
fịrị,service
fịrị,duty
fịrịmáa,send
fịrịmáa,despatch
fịrịnwangịḅọ́,servant
fịrịnwangịḅọ́,labourer
fịrịnwangịḅọ́,worker
fịrịnwangịḅọ́,workman
fị́túrú,bread
fomú,flog
fom,flog
fomunyé,cane
fomunyé,whip
fofooma,shift away
fóngoló,make a circle
fóngoló,move round
fóngoló,circle
fóngoló,round
fọ́,struggle
fọḅaraḅúru,roasted
fọ́fọ̄ḅáa,week
fọ́ngọ́,cockle shells
fọ́ngụ́,rainy season
fọ́njụ́,smoking pipe
fọ́njụ́ḅúdírí,tobacco
fọ́nọ̄,pull
fọ́nọ̄,drag
fọnyá,scramble
fọọ́,roast
fọ́ọ̄,ashes
fọ́ọ̄,dust
fọrọ́kọ,singlet
fọ́rụ́,wind
fọ́rụ́,breeze
fọ́rụ́-ákpa,lungs
fọ́rụ́,cockroach
fúghú,wrestle
fúkúma,hooktrap
fúkúrú,hole
fúrā,be pregnant
fúrā,pregnancy
fúrō,belly
fúrōákpáa,stomach
fúrōápụ,relatives
fúróbīé-ị́la,intestines
fúrōtụwọ,freeborn
fúrú,steal
fúrúḅọ́,thief
fúrúma,mullet
fụ́,salt
fụ́ḅárá,forehead
fụ́ḅárá,luck
Fụ́ḅárá-álálị,Ibani festival
fụ́ghụ́,poised
fụ́lọ́,soup
fụ́ḿ,faint
fụ́rụ̄,smell
fụ́rụ̄,stink
fụ́sánị́,alligator
gáị́nmaá,advise
gáị́nmaá,advice
galagalá,scatter
gánágáná,shake
gángáas,barrel
gángásị,barrel
gángásị,recorded
gángáas,recorded
gbáā,relate
gbámásó,eternity
gbánā,put up
gbarị́,miss
gbásará,narrate
gbasị́,equality
gbaghụpalị,crucify
gbamgbam,pan
gbásị́,be equal
gbásị́maáa,equalize
gbẹ́rẹ́,one
gbẹ́rẹ́nyẹ́,one
gbẹ́ẹ̄,cover
gbẹ́ẹ̄,close
gbẹ́ẹ̄,shut
gbẹ́ẹ̄,grind
gbẹ́ẹ̄,pay
gbẹ́ẹ̄,repay
gbẹ́ẹ̄nyẹ́,wages
gbẹ́ẹ̄nyẹ́,reward
gbẹ́ẹ̄,fit
gbẹ́ẹ̄,suit
gbẹnyịnáma,amphibian
gbẹ́rẹ́sẹ́ápụ,race
gbí,sew
gbí,dress
gbí,throw
gbí,stone
gbí,pierce
gbílā,question
gbílā,ask
gbígírí,squirrel
gbírī,fence
gbírī,surround
gbisirí,come out of order
gbisirí,slip
gbógbō,hack
gbólō,sound
gbólō,touch
gbólō,beat
gbólōárọ́,first
gbóm,bell
gbóō,invoke
gborogboró,big
gborogboró,plenty
gborogboró,many
gbósō,canvass
gbọ́ọ̄,peck
gbọ́ọ̄,dish
gbọ́ọ̄,pick
gbọ́rụ́,whole
gbọ́rụ́nyẹ́,whole
gbúlú,mullet
gẹ́ẹ̄,write
gẹẹ́gẹẹ́,printed
gẹ́nyẹ̄,writing
gẹ́nị́gẹ́nị́nyẹ́,fancies
gẹrẹgẹ́rẹ́,fragment
gídi,nile monitor lizard
gígi,gig
gígiawọ,gig paddlers
gị́gị́,walk upright
gị́gị́,tight
gị́gị́,stiff
gị́gị́,rigid
gị́gị́ma,stare
gogo,namesake
góō,read
góōḅọ́,reader
góōdíri,book
góōdírí-ọ́rụ́,verse
góōdírísịbị,chapter
góōyọ́,chapter
gósị,purpose
gósị,because
gósị,reason
gósị,sake
gọgị́,sit
gọgị́,sit
gọ́gọ,duck
gọ́lị̄,abuse
gọlịbịpị́,abusive
gọnịkákị,yambeetle
gọ́ọ̄,repeat
gúgū,shake
gúgū,dust off
gulugulú,waste
gunú,grumble
gúrō,scrub
gụ́ā,mix
gụágụá,multicoloured
gụamagụ́áma,mixed
gụ́lá,chiefs council house 
gụ́lábíē,treasury
gụ́ọ̄,heal
gụ́ọ̄,cure
ibi,good
ibi,fine
ibi,pleasant
ibi,nice
ibiamíényẹ,good manners
ibiángā,amity
ibikarị́,blessing
ibikarịsúó,blessing
ibikarịsúó,good fortune
ibi kúkúbíé,good mind
ibisuó,good fortune
íbílá,mat
íbílí,grey
ibimá,well
ibiní,locust
ibinibini,carved
ibinyẹ,goodness
íḅó,turn upside down
idoni,Andoni
idoni,Obolo
idoniapụ́,Obolo people
idoniapụ́,Andoni people
igbé,box
igbéfínjínyẹ́,key
igbighi,money
igbighi,coin
igbighifị́,misappropriation
igbighifị́,embezzlement
igbighifị́,defalcation
igbighikokoḅọ́,treasurer
igbighikokowárị,bank
igbighilanyẹ́,valuable
igbighisịbị́,capital
igbiniápụ́,Igbos
ígidáa,star apple
igilakọ́m,honour
igilakọ́m,honourable
igilakọnḅọ́,honourable
ígó,waist
ígóbọ́lị́bọ́lị́,firefly
igodó,lock
igodó,padlock
igomá,waste
igomá,squander
igoni,hospitality
igoniḅọ́,stranger
igoniḅọ́,guest
ígónyíḅọ́,poor
ígónyíḅọ́,pauper
Igu,masquerade
igbighi,money
igúanga,money
ííín,yes
íjē,silkcotton
ijighila,headpad
ijina,sunray
ijina,sunbeam
ijuruma,ram
ijuruma,male sheep
ikelekelé,wander
ikelemá,go
ikelemá,circle
ikelemá,surround
ikelemá,be twisted
ikeré,bark
íkéré,overawe
íkí,lay across
íkíḅá,half
íkíḅá fị́nị,large log
íkírí,creep
íkírí,crawl
íkírí,survival
íkíríkó,wooden gong
íkítíkó,wooden gong
íkírímá,persevere
íkírímá,tolerate
íkírímá,endure
íkírímáḅọ́,endurer
íkirínga,harmattan
íkólí,chain
íkólíḅághụ́nyẹ,hammer
íkólíḅọ́,prisoner
íkólínáḅọ́,prisoner
íkólíápụ́, prisoners
íkólínápụ́, prisoners
íkólí sụ́á,imprison
íkólíwárị,jail
íkólíwárị,prison
ikolokoló,fish
íkólókolóo,pick
íkólókolóo,gather
íkónángadaná,joint
íkó,fold
ikoro,large gong
ikpikpí,owl
ikpuru,silence
ikpuru,muteness
ikpúru,jigger
íkú,jaw
íkú,rock
Íkúḅa,a deity
íkúláḅọ́,lame
íkúláḅọ́,disabled
íkúláḅọ́,cripple
íkulée,black kite
íkúlélū,iron
íkútúní,mandible
ile,sugar-plum tree
ílíghíma,mark
ílíghíma,sign
iloma,anchor
ílolóo,plum
ílúghū,shout
imi,manatee
ímíi,be present
ímíi,remain
ímímé,finger-nails
ímímé,toe-nails
imine,throne
ímō,sweat
íní,four
íníí,deafness
ínííḅọ́,deaf
inighimáa,patience
inighimáa,perseverance
mgbamgbámgba,fish
mgbamgbámgba,royal
íníne,eight
ínínéá si,one hundred and sixty
inini,assassination
ininikọḅọ́,assassin
ininiḅọ́,assassin
inomá,cheat
inomá,swindle
inomá,defraud
inomá,overcome
inomá,conquer
ínyé,yours
ínyé,your own
ipilepilé,wave
ípílépilé,cruciform whistle
irí,thread
írī,dry out
írī,smoke
írī,stray
írī,miss
írī,transgress
irimá,error
irimá,mistake
irisé,storm
író,tell
írókọ́,treason
írókọ́ḅọ́,gossiper
írókọ́ḅọ́,talebearer
írókọ́ḅọ́,traitor
írónyẹ́,lie
írónyẹ́,falsehood
írónyẹ́,fabrication
írónyẹ́,perjury
író-órúfị,perjury
iru,wine
iru,drinks
irusughú,bottom of drink bottle
irusughú,traditionally
ịsagha,bunch
ísé,mow 
ísé,shave
ísī,the other
ísīḅọ́,other person
ísīnyẹ́,the other things
ísīnyẹ́,the other one
ísíbírí,alligator
Isígu,name of deity
Isíguḅa,daughter
isíi,swell
isíi,waves
isíi,billows
ítī,rain
ítīmíngi,rainwater
itilá,laziness
ititá,dew
itu,crowd
itu,host
itumo,multitude
itúru,Pink-Backed Pelican
itúru,probably
íwō,go up
íwō,disembark
ị,me
ị,my
í,you
í,your
ịbaá,conspiracy
ịga,unwillingness
ịga,strong refusal
ịganángị,thorn of cane
ịganị,angry
ịganị,annoyed
ịganị,vexed
ịganị má,don't be annoyed
ịganị,anger
ịganị,annoyance
ịganị,vexation
ịganị,provocation
ịgba,amulet
ị́gbá,drumming style
ị́gbánị́,piles
ị́gbánị́,ask
ị́gbánị́,engage
ị́gbánị́,claim
ị́gbá sẹ́ngị́, slice
ị́gbọ̄,net
ịgbụrụḅụ́,gullet
ịgbụrụḅụ́,oesophagus
ịgị́lā,gong
ịgụa,sacrifice
ị́gụ̄á,concubinage
ị́gụ̄áḅọ́,concubine
ị́jā,jackfruit
ị́kákị́,tortoise
ị́kákị́,hunchback
ị́kákị́ óbíi,hunchback
ị́kákō,ashes
ị́kángị́,sompat grunt
ị́kara,crawcraw
ị́karị,anklebone
ị́karị,wristbone
ịkasị,seat
ịkasị,chair
ịkasị,stool
ị́kásị̄,lock
ị́kásị̄,button
ị́kásị̄,build
ị́kásị̄,make
ị́kásị̄,load gun
ị́kẹ́ngị́ị,lightning
ị́kị́á,prophecy
ịkị́ánị̄,scentleaf
ị́kọ́lị́,swimming
ịkọmaịkọ́má,crooked
ị́kọ́ọ́,bend
ị́kọrọngọ,human head
ị́kọrọ́ọ,cockles
ị́kọrọ́ọ,anadara
ị́kpá,spring trap
ị́kpákị́,pebbles
ị́kpákị́,stones
ị́kpákị́,rocks
ịkpangị,horn
ịkpangị,branch
ịkpangị,twig
ịkpápụ̄,penknife
ịkpẹrẹkị́,kneel
ị́kpụ́ụ́,knot
ị́lá,coral bead
ịlịlá,veranda
ịlọ,pelvis
ịlọ,summons
ịlọgbọḅọ́,plaintiff
ịlọgbọḅọ́,complainant
ị́lụ,crevice
ị́lụ,chink
ị́lụ,hole
ị́mụ́kụ́,thrift
ị́mụ́kụ́,miserliness
ị́mụ́nụ́mụ́nụ́,frond
ịnịá,my son
ịnịá,sons
ịnịghị́maá,patience
ịnọ̄,sore
ịnụ,scarcity
ịnụ,hard
ịnụ,dry yam
ịnyaa,plantain
ị́nyọ́,breath
ị́nyọ́,strength
ị́nyọ́,zeal
ị́nyọ́faá,fatigue
ị́nyọ́faá,weariness
ị́nyọ́faá,weakness
ị́nyọ́faá,tiredness
pighima,suffocating
ị́nyọ́sárá-ákpáa,lungs
ị́nyọ́sárághá,restless
ị́nyọ́sárángá,resting
ị́nyọ́sáráyọ́ọ,resting
ị́nyọ́sụ́á,powerful
ị́pọ́rị,body hair
ị́pụ́ọ́,feather
ị́pụ́ọ́,plume
ịrị,i
ịrị,me
ị́rị́,you
ị́rị̄,blade
ịrịa,womanhood ceremony
ịrịaḅọ́,ịrịa celebrant
ị́rọ́,toast
ịrụá,sun
ị́rụ́ọ́,roast
ị́sá,nerve
ị́sá,vein
ị́sá,fibre
ị́sárám,tassel
ịsẹlẹmá,fishermans knot
ị́sịlá,mudskipper
ịsọ,worm
ị́sụ́,mouse
ị́wọ́ma,newly
ị́yẹ́rẹwẹ,township market
ịyọọ,easy
ịyọọ,comfortable
ịyọọ́,be
ị́yọ́rọ́,female animal
ị́yọ́rọ́ma,peaceably
ị́yọ́rọ́ma,peacefully
jeé,fifteen
jẹ́,another
jepa,again
jẹ́ sáa,again
jẹ́ ńgáa,elsewhere
jẹ́ẹ́ápụ́,other people  
jénéwárị́má,adjournment
jighé,shake
jíghémaá,shake
jú,distant
jụwọ,somebody
jụwọjụwọ, one another
jenjegha,no issues
ká,tear
ká,expose
ká,rend
ká,burst
ká,demolish
káákáa,ruptured
káákáa,broken
kaakanyẹ́,torn
kaḅụ,parable
kaḅụ,proverb
káká,tie
káká,moor
kakanyẹ́,bundle
kakanyẹ́,parcel
kálā,small
kálá ōwútụ́wọ,boy 
káláámā,village
kálábíé,bedroom
Kálátilíḅọ̄,name
kamụ,quarrel
kam,palaver
kam,quarrel
kamụ,palaver
kambalá,lay on back
kaná,go
kaná,pass
kánákáná,darkness
kanyé,understand
kanyá,understand
kárá,sharpen
kárá,carve
kárá,prepare
káará,correct
káará,complete
kárámaá,complete
karakáráḅẹ́rẹ́kọ,justice
karakárányẹ́,truth
karakáráa,be ready
karakárámá,complete
karakárámá,make ready
karị́,pray
karị́,invoke
karị́,curse
karị́,swear
kari ibí,blessing
karị́ íbíma,bless
karị súó,blessing
karị súó,fortune
kẹbẹ́,affect
kẹbẹ́,infect
kẹbẹ́,infectious
kẹ́lẹ̄,please
kẹlẹ,little 
kẹlẹkèlẹ,gradually;
kẹlẹkèlẹ,slowly
kẹkẹ,heat
kẹngẹ́,spark
kẹ́ngẹ́,crab
kẹ́nị̄,crack
kẹ́nị̄,cut
kiemáa,avoid
kikí,prevent
kikinyẹ́,hindrance
kikíbīényẹ́,that
kíkímanyẹ́,screen
kíngí,knife
kírī,land
kírī,ground
kírī,soil
kírī,earth
kírī,office
kírī,position
kírī,opportunity
kírī-árụ́,car
kírí-ị̄sẹ́ḅị́tẹ,carpet
kírímangịnyẹ,bicycle
kírī-ódódo,earthworm
kírí-ōnwíárụ,train
kírí-ōnwíárụ,locomotive
kírí-ōnwíárụ,steam
kírí-ákị̄ḅọ́,successor
kírífina,slow growth
kírīfị́-ọ́kụ́rụ,pawpaw
kírífōfó,perhaps
kíríkiri,instantly
kịị́,tap palmwine
kịẹ́,count
kịẹ́,pluck
kịẹ́,pick
kịẹḅịpị́,numeral
kịẹnyẹ́,account
kịká,resemble
kịlárị,coral
kịlárịmgbé,conger
kịlẹ,brave deed
kị́nā,ferment
kị́nị́,person
kị́nị́ḅá,murder
kị́nị́ḅáḅọ́,murderer
kị́rị̄,slice
kị́rị̄,pare
kịrịkị́rị́nyẹ́,various
kịrịkị́rị́nyẹ́,different
kịsị́,sneeze
kókōḅáa,five days forward
kómbō,tease
kóró,alight
kóró,descend
kọ́lị,corner
kọ́lị́,drum wedge
kọlọ́,cough
kọngọ,neck
kọngọ-ọḅụ́dụ,nape
kọọ́,speak
kọọ́,judge
bẹ́rẹ́kọ́,litigation
kọọ́,remain
kọnyẹ́,remaining
kọnyẹ́,remainder
kọnịnyẹ́,bait
kọ́pụ́,full tide
kọrị́,seize
kọrị́,blaze
kọrịfịnị́,fire
kọrị́,lead
kọrịḅọ́,masquerade leader
kọ́rọ́náírú,tombo
kọ́rọ́náírú,palmwine
kọ́rọ́,horn
kọ́rọ́námá,bull
kọ́rọ̄,chip
kọ́rọ̄,scrape
koromá,consider
koromá,think
koromá,recollect
koromá,consideration
koromá,thought
koromá,opinion
koromá,conscience
kọsị́,pound
kọsị́,grind
kọsị́,smash
kọsị́gháa,coarse
kpáị́nma,make perfect
kpandụ,to reduce
kpángịrị́,fry
kpé,snood hook
kpéē,plait
kpẹsị,clench anus
kpóō,clench fist
kpóō,knead
kpóō,mould garri
kpoó,congeal
kpoó,thicken
kpọ́ghọrọ́,drag
kpọ́lị̄,climb
kpọ́lị̄,scale
Kráistḅẹrẹ,christianity
kubirí,gather
kubirí,be together
kubiriogbó,gathering
kúbirí,gather
kúbirikúbiri,turkey
kúu,cocoyam
kuku,back
kúkúbíé,chest
kúkúbíé-mgbọlụ,heart
kumbu,axe
kunju,waist
kunju,hips
kunomá,end
kunú,root
kuru,camwood
kúrū,keep
kúrū,wait
kúrū,tarry
kúrūḅọ́,watcher
kúrūḅọ́,waiter
kúrúkúrúḅọ́,black person
kúrúkúrúbị́tẹapụ́,policemen
kuú,catch
kuú,trap
kuú,ensnare
kụ́ā,amend
kụkọ,testicles
kụlọ,canoe bows
kụ́ma,but
kụ́mẹ́kụ́mẹ́,catwalk
kụ́mẹ́rẹ́,feline
kụnẹ́,stalk
kụ́nụ́,stink
kụrá,agree
kụ́rá,year
ọmẹ́nị,muscle
ọmẹ́nị,sinew
kụrọ wárị,fortress
kụrọ́,strength
láā,reach
láā,arrive
láā,cost
láā,valuable
láā,expensive
láāgháa,worthless
láāḅárá,value
láāḅárá,cost
láāḅárá,price
láābírí,length
láāḅárá,length
láābị́pị́,price
láābị́pị́,value
láābị́pị́,cost
láākírí,position
láānyẹ́,price
láānyẹ́,value
láānyẹ́,cost
alágā,needle
lákpō,bile
lákpō,gall
lámaá,touch
lámaá,taste
lámaá,wound
lélémaá,open
lélémaá,disclose
lẹ́ẹ̄,become
lẹghẹlẹghé,weak
kpọrọfị́nị,sit
lẹlẹgịnị́,recognise
lẹlẹ́m,uncovered
lẹẹ́,third generation
lẹẹ́,grandson
lẹ́ẹ̄,famished
lẹ́lẹ́,hard labour
lílií,recognize
lị́á,broom
lịka,mud
lị́pị́lị́pị́,confusion
loliá,star
lólō,yield
lólō,multiply
lólómaá,pet
lólómaá,adore
lólóma kúkúbie,mercy
lópó,abdomen
lọgị́rị,shellfish
lubiri,deep
lughú,jaw
lụ́ụ́,fable
lụ́ụ́,folktale
máā,these
má,the
mámgba,all
mánámānányẹ,many
mangị́,run
mángị́maá,respect
mángị́maá,honour
masịbị-ódódo,snake
masịbị-ódódo,calabar
másịsị,matches
mba,power
mba,strength
mbánā,plantain
mbelembélé,roam
ḿbólóḿboló,small child
mbẹ,faults
mḅẹmḅẹ,if
ḿbí,coconut
ḿbípúló,coconut oil
mbiré,brother
mbireowí,brother
mbịakpa,maize
mbịakpa,corn
mbịị́,paint
ḿbịláari,umbrella
mbịnyẹ́,blood
mbịrá,sister
ḿbọ́sọ,from
ḿbú,navel
ḿbúárọ́,woman
ḿbúḅọ,human
ḿbúrúḅụ́kọ,ape
ḿbụ́rụ́ḿbụ́rụ́,murmur
ḿbụ́rụ́ḿbụ́rụ́,speak
ḿbụ́rụ́ḿbụ́rụ́,bear
mḅapa,calabash
mẹnị,flesh
mẹnị́,swallow
mẹ́nẹ́,ant
mgba,jaw
mgba-ngá,cheeks
mgba,pipe
mgbasụá,act
ḿgbá,wrestle
ḿgbáfúú,wrestling
mgbaá,catarrh
ḿgbe,oyster
ḿgbé,bone
ḿgbé-óbí,rheumatism
ḿgbe akpakpa,oystershell
Mgbese si,crucifix
mgbepelé,roll
ḿgbe-pẹdíri,plant
mgbẹsẹ́,across
mgbẹsẹ́,obstacle
ḿgbí,cannon ball
ḿgbí,big buttocks
mgbọ túmini,prominent men
ḿgbọ́lụ́,fruit
mgbọnyẹ́ẹ,skewer
mgbọpụmá,neap tide
mgbusú,fruit
mgbụ́kụ̄,hard
mgbụụ,fruit
mié,make
mié,create
mié,urge
mié,do
miebíma,fulfilment
mieḅárá,act
mieḅárá,treatment
mie ḅárá ófōríi,unmanageable
mie ḅárá ófōríinyẹ́,unmanageable thing
mie dụ́ḅámaá,magnify
mie dụ́ḅámaá,enlarge
miegbólómaá,fellowship
miegbánámaá,expertise
miegbánámaḅọ́,expert
mie-írímaá,offence
mie-írímaá,trespass
mie-írímaá,fault
mie-írímaá,mistake
miesáḅámaá,excessive
miesímaá,offence
miesímaá,sin
míē,this
miemienyẹ́,custom
mienyẹ,deed
mienyẹ,character
mingi,water
mingi-fíni,flying fish
mingimgbọ́lụ,hailstone
mingimgbọ́lụ,icecube
mingisará,baptism
mingigọ́gọ,wild duck
miní,agree
miní,accept
miní,believe
miní,answer
mininí,faith
mininí,belief
minimíi,consent
minimíi,agreement
mị́mgba,today
mịna,relation
mịnaḅọ́,relative
mịnaḅọ́,sibling
mịnafa,middle
mị́nga,here
mị́sa,now
mmẹẹ́,two
mọnị́,regret
mọnị́,covet
mọnị́,envy
ḿpághárá,part
ḿpịtákā,cassava
mú,go
múnō,sleep
múnōnyẹ́,bed
múnōnyẹ́,bedding
múnō-ọ́gọ́nọ,bed
múnōwárị́bie,bedroom
múnōyọ́ọ,sleeping
múnōyọ́ọ,bedroom
múnyẹ́,voyage
mụmbụ,mortar
mụmbụ,rank
mụmbụ,group
mụmbụ,class
mụ́mọ́,sandy island
mụ́nọ,or
na,and
naá,hear
naaḅọ́,listener
námá,build
námá,animal
námá,meat
námá,beast
námá-ámáa,animal
námáḅáḅọ́,butcher
námáḅẹ́lẹ́kị,animal fat
námáḅẹ́lẹ́kị,butter
námá ósúka,animals
námá ósúka,fur
námá ósúka,wool
námásẹ́ẹ,animal
námá tẹ́,hunt
námátẹ́ḅọ́,hunter
nambúlō,cow
naáńgāáḅọ́,neighbours
nanápalịḅọ́,neighbours
nangá,tread
nangá,trample
nangá,step
nangị,thorn
nangụọ,friend
nda,shinynose fish 
ńdá,turn a corner
ńdálị,wire
ndam,yaws
ńdáma,bend
ndẹgẹ,mullet
ndẹ,gum
ndẹé,how many
ńdẹ́ẹ,four hundred
ndẹẹ́ lā,how much 
ńdó,suck
ńdó,breast
ńdóḅị́pị́,nipple
ńdómíngí,milk
ńdómíngí,breastmilk
ńdó sị́ghị́,wean
ńdómaá,breastfeeding
ńdóma-ọrụ́ḅọ,nursing mother
ndoó,clean the rectum
ndụḅá,daughter
Ndụḅáa,personal
ndụrụ́,sit with hand on cheeks
nẹ́nẹ̄ḅáa,six days forward
nẹngị́,exceed
ńgá,corner
ńgá,side
ńgá,part
ńgábíē,corner
ńgálá,mangrove
ńgálá-álágba,indian bamboo
ngara,extortion
ńgásá,side
ńgásá-ágbụgba,ribs
ńgásá-ḿgbe,ribs
ngịa,play marble
ńgị́álẹ́lẹ́,orphan
ngịangị́á,ritual palm
ngị́ásiri,cosmopolitan
ngịla,baby
ngịla,child
ngịrịmáa,patience
ngẹẹ́,one
ńgoló,gastropod shellfish
ńgóńgó,flower
ńgọ́,wealth
ńgọ́,riches
ńgọ́,goods
ńgọ́kúrúwárị̄,store
ńgọ́wárị,shop
ngọrị́,snore
ngọrọ́,trap
ńgú,clay
ńgú,waterpot
ńgúlé,maggot
ngurú,rat
ngụaába,pineapple
ngumá,throw
ngụngụ́,frog
ngụngụ́,toad
ńgụọ,sugarcane
nimí,wisdom
niminyẹ́,wisdom
nimiakpáa,sensible
nímí,know
nínī,nose
níníbíē,nostril
nínípáńga,the
nị́ghị́nị́ghị́maáa,wag
nịna,urine
nịna-akpá,bladder
ńjálẹ́lẹ́,orphan
nji,fish
njiḅaḅọ́,fisherman
njiḅanyẹ́,anything
njọlị,fruit
njọlị,tomato
njọlị́,millet
ńjū,prudence
njụ,internode
njụa,paddle
nkana,basket
nnị,they
nnị,them
nọngụ́,catfish
nọmụḅọ́,crazy
nọ́njị́,suck
ntuḅú,sandbank
numborowí,brother
numboroọ́rụ́ḅọ́,sister
númé,song
númó,hair
nune,plant
nune,pepperfruit
núnó,steering
núnófẹ̄ḅọ́,steersman
nụná,contest
nụná,struggle
nụ́ngọ́,open
nụ́ngọ́,outside
nụ́ngọ́bíē,outside
nụ́ngọ́ ítíla,long verandah
nụ́nụ́,pull
nụ́nụ́,tug
nụ́nụ́,draw
nụ́nụ́,set
nụ́nụ́,adjust
nụnụma,fufu
nụ́nụ́má,bangle
nụ́nụ́má-ódódo,millipede
nwá,animal
nwá,maxwells
nwaá,tie
nwaá,clean
Nwaọtáḿ,a masquerade
wángị́,walk
wángị́,move
wẹ́ngị́,work
nyaná,have
nyaná,possess
nyẹ́,thing
nyẹ́-árị́,sight
nyẹ́ḅị́pị́,price
nyẹ́ḅụ́ụsọ́ghányẹ́ẹ,useless thing
nyẹ́ḅụ́ụsọ́ghányẹ́ẹ,useless thing
nyẹ́díéḅọ́,teacher
nyẹ́fị́bíe,diningroom
nyẹ́gbẹ́dápịrị,grinding stone
nyẹ́lághá,not costly
nyẹ́lághá,not expensive
nyẹ́lányẹ́,valuable
nyẹ́mọ́nị́,covetousness
nyẹ́ná,hearing
nyẹ́nímí,sense
nyẹ́tọ́nyẹ́,balance
nyẹ́tọ́nyẹ́,scales
nyingi,mother
nyingiḅọ,mother
ńzā,sunbird
obé,pear
obé,avocado
obi,sickness
obi,illness
obi,disease
obiḅọ,sick
obiḅọ,patient
obigụọwárị,hospital
obií,sick
obií,ill
obiri,dog
obiri-duá,poisonous
obiri-duá,hairy spider
owu,war
óḅólí,clenched ist
óḅórí,goat
óḅóríḅọ́,fool
óḅóríḅọ́,stupid
óḅóríápụ́,fools
óḅórísófíní,sacred ibis
óḅóróásáḿḅọ,policeman
óḅúgháa,blunt
óḅúgháa,not sharp
oḅutu,mist
oḅutu,fog
odo,rock python
odo,yellow substance
odoḅála,gold
gúlu,gold
ododó,snake
odóíń,wickedness
odó-odo,yellow
ódú,ivory
ódú,trumpet
ódúmínéḅọ́,hornblower
ódúmínéyé,son of hornblower
ófīó,whirlpool
ófīófọ́rụ,whirlwind
ofíogori,mannerlessness
ofíogori,irresponsibility
ofo,angelfish
ófóríi,absent
ófóríi,not present
ofúnguru,rat
ofúnguru dịa,rattrap
ófúró,blow with mouth
ófúrúmaá,dust
ogbo,club
ogbosị́bị́daḅọ,club head
ogbó,summon
ogbogboḅọ́,plaintiff
ogbosẹ́ḅọ́,mediator
ógbógbó,restingplace
ogboín,mango
ogbokú,centre
ogbokú,middle
ogbónji,shark's nickname
ogbosị́bị́daḅọ,club head
ogbosụ́ányẹ́,island
ógbúdú,canoe platform
Ogbúlū,first son
Ogina,God
ógíóńgīó,whitlow
ógólóló,gutter
ógónó,rainbow
ógumáagala,chameleon
ogumabiri,market
ogunú,crown
ogunúu,peacock
oguru,perseverance
oguru,patience
ójó,gold
ójótẹ́mẹ́ḅọ́,goldsmith
ojóngo,jar
ojóngo,jug
ójū,body
ójū-ápára,skin
ójūdaghadaghá,itching
ójūgbọ́rụ́,anatomy
ójūkírí,body
ójū lá,feel
ójūmẹ́nị,flesh
ójū-ọ́gọ́nọ,epidermis
ójūsụ́ábị́tẹ,clothes
oki,sawfish
oki ówú,sawfish masquerade
oko,earthen pot
oko,clay pitcher
ókó,peel
ókóḅá,cowries
okokoríko,funny
okolo,creek
ókóló, eurasian curlew
okolooghó,middle
okoló,shouting
ókólá,Hadada Ibis 
ókpodápịrị,rock
okporo,sad drumming
okporo,sympathetic drumming
ókpórómgbó,skull
oku,mortar
ókū,message
ókumienyẹ́,mission
ókūmúḅọ́,messenger
ókúrú,raffia
ókúrú,working clothes
olo,mussel
olo,nature
ólóghó,law
ólóghófị́,fine
ólóghógbẹ́,fine
ólóghókị́ẹ́ḅọ́,lawyer
ólóghósímá,guilt
ólóghósímáḅọ́,criminal
ólóńdō,spider
ólóghóńdóbị́áḅọ,spider
olokpó,rubberlip grunt
olokpó,biglip grunt
ólóńdō wárị,spiders
ólóló,bottle
ólólóndō,bees
ólóḿḅára,old
ólóḿḅẹ́rẹ́,history
ólóḿ,old
ólóḿḅọ́,aged
Ólóma,God
Oginaḅa Tamụnọ,God
Ólómị̄ná-Ogina,God
ólóḿbíáḅọ,gecko
ólósí,illnatured
ómóní,slavery
ómóníárọ́,female
ómóníḅọ́,slave
ómóníọ́wí,male
ónī,vibrate
ónī,rotate
ónī,spin
oniá,agree
oniágha,disagree
ónú,fence
ónú,seawall
ónú,yard
ónú,garden
ónwí,bite
ónwí,bale
onwi,smoke
onwi-arụ̣́,steamship
ónwō,sand
ónyésẹ̄ḅọ́,witness
opo,fruit
Opuḅọ́ama, Opobo
opogholo,valley
ópómgbō,small
óporópo,pig
opu,great
opu,big
opuáda,grandfather
opuamíényẹ,pride
opubíē,parlour
opuḅọ,great person
opu-ígídí,mighty
opu-ijikila,warcanoe
opumá,very
opunyingi,grandmother
ópóró,shrimp
ópóró,crayfish
ópóró,lobster
ópúrónyíngí,lobster
opu-tẹ́nyị̄,majesty
oputọ́rụ̄,coveteousness
ori,he
oríi,it is he
oríi,it is him
órú,god
órú,deity
órú,divinity
órúfíní,kingfisher
órúfị́,oath
ọrụḅọọrụḅọ,each and everyone
órúkóróḅọ́,traditional worshipper
órúmíéḅọ́,worshipper
órúsẹ́nị́ḅọ,traditional high priest
órúogoló,Senegal coucal
osi,snail
ósí,fishing fence
osiá,respectfulness
osiá,respect
osiá,honour
osíirí,sugar
ósó,contribute
osuú,roof
osuborí,kingpost
osuḅọ́rọ́ma,principal
ósúká,grass
ósúká,weeds
ósúká,bodyhair
oto,native cloth basket
ótóbíē,lane
otoḅo,hippopotamus
ótolóo,very
otume,tail
otume,anus
otumebíē,anus
otumefa,flat
ówí,male
ówíápụ́,men
ówíḅọ́,male
ówítụ́wọ,man
ówítụ́wọ,guy
ówíma,hurry
ówíma,haste
owolo,acquire
owu,war
owu,fight
ówú,cry
ówú,weep
ówú,bleat
ówú,masquerade
ówú,mermaid
óyí,ten
ọ,he
ọ,him
ọ,his
ọ́,you people
ọbị́ọ̄,chicken
ọbị́ọ̄-ị́kụ,cocks
ọbọ́,sansa
ọbọsịmá,defilement
ọbọyẹ́,tortoise
ọ́ḅóghọ́,oath
ọḅụ,back
ọḅụangá,backside
ọḅụdụ́,back
ọḅụdụ́,behind
ọḅụ fịị́,take bribe
ọḅụjúu,back
ọḅụjúu,behind
ọḅụjụ́-ḿgbe,backbone
ọḅụkọọ́,behind
ọḅụkụnụma-okúu,ultimatum
ọḅụẹlẹḅị́pị́,treaty
ọ́dọ́,naughtiness
ọ́dụ́ḿ,python
ọ́dụ́ḿ yengi,royal python
ọ́fị́,sweep
ọ́fị́ọ́,whistle
ọ́fị́rị-irúu,liquor
ọfọ́,sceptre
ọfọnọ́,rack
ọfọrọngụ́,leper
ọ́fụ́rụ́má,shark
ọgazị,Helmeted Guinea-Fowl
ọ́gbụ́dụ́,dirty
ọgị,gonorrhoea
ọgịsị,wooden tobacco box
ọ́gọ̄,inlaw
ọgọnọ́ọ,top
ọgọnọ́ọ,above
ọgọnọ́-árụ,aeroplane
ọgọnọdányẹ,head
ọgọnọdányẹ,or
ọgọnọtándị́nyẹ,ladder
ọgọnọ́warị,storey
ọjụkụrụ,castnet
ọ́kọ́,hire
ọkọlọbị,grey parrot
ọkọlọbị́ẹ,lane
Ọkọńkọ,masquerade
ọkụ,lion
ọkụkụ,masquerade
ọkụnamá,lion
ọ́maa,embrace
ọmbịị́,rub
ọmbịnyẹ́,pomade
Ọmọ,name
ọmọọ́,ebb
ọmọmingí,ebbing
ọmọmọ́,housefly
ọ́mụ́,war
ọ́mụ́-ágị́dị,sword
ọ́mụ́-áláḅọ,general
ọ́mụ́-áláḅọ,commander
ọ́mụ́-áláówi,general
ọ́mụ́-áláwíye,son
ọ́mụ́-ánúme,warsongs
ọ́mụ́-ápụ,soldiers
ọ́mụ́-árụ́,war
ọ́mụ́-árụ́,warship
ọ́mụ́-ányẹ́,implement
ọ́mụ́bírí-ányẹ,soldiers
ọ́mụ́ḅọ́,soldier
ọ́mụ́ḅọ́,warrior
ọ́mụ́ḅọ́,admiral
ọ́mụ́gbí-ápụ́,soldiers
ọ́mụ́gbínyẹ́,ammunition
ọ́mụ́íjú,war stampede
ọ́mụ́kụ́rọ́náḅo,commander
ọ́mụ́-ówúu,warcry
ọ́mụ́súo,warcloud
ọ́mụ́mbụ,sandflies
ọnọ,sackcloth
ọnụnụ,accordion
ọpọ,bathroom
ọ́pọlụ́ḅụrụma,gunpowder
ọpọrọ,alley
ọ́pọlị́,creek
ọpụmbụ,flatus
ọpụmbụ,fart
ọpụpọlị́,boil
ọ́pụ́ụrụ́,collect
ọ́pụ́ụrụ́,grab
ọrị,pubic hair
ọrọ́ọsị,rice
ọrụ,arrangement
ọrụ,plan
ọrụ,rectification
ọrụtọḅọ́,manager
ọ́rụ́ḅọ́,woman
ọ́rụ́ḅọ́tụ́wọ,girl
ọ́sụ́,spill
ọ́sụ́,vomit
ọsụụ́,be split
ọtọḅọ́,narrow
ọtụrụkpọ́kpọ́, dove
ọ́wọ́rọ́wọ́,horn
ọ́wụ́,heat
ọ́wụ́,breath
paá,crow
pághá,go
pághá,away
págháfúro,descendant
págháfúro,lineage
pághará,answer
pághará,reply
pághárá,first
páị̄sí,please
pásīsí,please
pálị̄,second
pálị̄,support
pálị̄ḅọ́,assistant
pálị́,tighten
pálị́,fasten
palịmá,be urgent
palịmá,inconvenience
pámamgbée,skeleton
pamba,wing
pámbá,river bank
pápā,peel coconut
pápá,nothing
pápányẹ,nothing
pápányẹ,vainness
pápányẹ,emptiness
párị̄,twist rope
párị̄,plait hair
párị́,first
perí,pompano
pẹdírí,leaves
pẹẹ́,eat
pẹẹ́,mosquito bite
pẹ́lẹ́,cut
pẹ́lẹ́,slash
pẹ́lẹ́,felling
pẹ́lẹ́,clear bush
pẹ́lẹ́,settle case
pẹ́lẹ́,bet
pẹ́lẹ́ḅụ́pọ́,shutter
pẹmbẹ,small axe
pẹmbẹ,scythe
pẹrẹḅọ́,rich person
pẹrẹ fị́sánị,sweet alligator pepper
pẹrẹtẹtẹ,season
píghē,compete
píghā,compete
píghē,pin
píghí,deny
piri,bush
piri,forest
piribíéḅọ,barbarian
piridiri,herbs
pirináma,wild animal
piri-oḅóri,water chevrotain
piri opórópo,bushpig
pírí,butterfly
pisí, be wet
pị́nā, become white
pị́lā,croaker
pị́láma,bitterleaf
pị́nāḅála,silver
pị́nāmbú,white egret
pị́nā-óbíi,smallpox
pị́nị̄,peel
pị́nị̄,bruise
pịrị́,give
pị́sị̄,scratch
póghólókírī,valley
poló,cut
poló,eviscerate
poló,dissect
póló,compound
póló,yard
póló,quarter
pomịá,sole
póō,castrate
póō-óḅóri,castrated
pósíébị́pị́,waterside
pótiri,cask
pọnjị́,squeeze
pọọ́sị,cat
bọ́sị,cat
pú,split
pú,slice
púghū,bat
púghū,listen
púghú,eight thousand
pulo,oil
pulobié,piles
pururú,erupt
pụá,mock
pụghọ́,throat
pụghọ́,voice
pụmbará,liver
pụ́nụ́,fox
pụnụ́,press tight
pụnụ́,wedge
pụnụ́,incubate
pụ́nụ́maá,suppress
sá,urinate
sá,debt
sáfị́ḅọ́,debtor
sáá,time
sáá,term
sáḅá,crossover
saḅẹ́ẹ,soap
sáḅọ́,grandson
saghị́,get up
saghị́,wake
saghị́,start
saghị́,begin
sághị̄,lift
sághị̄,take
sagi,whale
sámụ́nọ́,wither
sámụ́nọ́,dry
sámụ́nọ́,dessicate
sánā,sprinkle
sánáḅọ́,creditor
sanị,pepper
sanị́,melt
sánị̄,swing
sápásápá,not much
sará,pour
sárá,dustbin
sárá-ọ́gọ́nọ,dustbin
sarabirí,allowance
sárámaáa,act quickly
sẹ́,stand
sẹ́,country
sẹ́gbọ́rụ́,whole world
sẹẹ́,dash
sẹẹ́,give present
sẹfị,prostitution
sẹfịarọ́,female
sẹfịarọ́,harlot
sẹfịarọ́,whore
sẹfịḅọ́,prostitute
sẹfịḅọ́,harlot
sẹfịḅọ́,whore
sẹfịeré,prostitute
sẹfịeré,harlot
sẹfịeré,whore
sẹfịowí,flirt
sẹfịowí,playboy
sẹ́ghị́,dance
sẹ́ghị́,tremble
sẹ́kírí,nation
sẹlẹ́,select
sẹlẹ́,choose
sẹlẹ́,pick
sẹ́maá,order
sẹ́maá,send
sẹ́ma wárị́ị,stop
sẹ́ma wárị́ị,keep
sẹ́ngị́,slice
sẹnị́,grow
sẹnịarọ́,aged
sẹnịḅọ́,elder
sẹnịowi,aged man
sẹrẹrẹ́,lean on
sẹrẹrẹ́,depend on
sẹ́rị̄,cut slice
sí,twenty
siḅé,feed
sii,badness
sii,sin
siinyẹ,evil
siibíenighí,repentance
siiḅụ́ụpịghị́,conversion
siikié,confession
siifị́lā,curse
siimíényẹ,bad manners
sinyẹ́,bad
sinyẹ́,sin
siipiri,evil forest
sií,wipe
sií,remove
sika,spring
siki,crocodile
sílé,noise
siminí,poverty
siminiḅọ́,poor
singi,catfish
siri,play square
sírí,flow
sírí-míngí,flowing tide
sísīḅáa,four days forward
sị,that
sị́,tree
sị́,stick
sị́bị́,head
sị́bị́dáláḅála,comb
sị́bị́núme,hair
sị́bị́-ókpóróm ́gbo,skull
sị́bị́-ọ́tọ́rọ,brain
sị́ḅị́puú,headache
sị́bị́sághị́nyẹ,pillow
sịḅịpị́,salutation
sịghị́,refuse
sịghị́,forsake
sị́ghịrị́,wash
sị́ghịrị́,fade away
sịị́,call
sị́ị́-ị́kpángị,branch
sị́ị́-ḿgbọ́lụ,fruits
sị́ị́-ḿgbọ́lụ,seeds
sịka,stingray
sịkákā,silkcotton
sị́kọ́,hiccups
sị́nẹ́lị,sorry
sịngị́,slumber
sị́-ókúḅọ,ambassador
sị́rị,leopard
sị́rịfini,hawk
sịsáị̄,wake
só,go
sóóló,be high
sóloló,hang
sóloló,keep
sombí,press to drown
sombí,squat
sọ́ngịlị́,detect
sópá,germinate
sópá,grow
sóró,drop
sóró,fall
sówí,accident
sọ́lị̄,covet
sọ́,enter
sọ́ ḅó,enter
sọ́ ḅó,come in
sọ́ mú,go in
sọ́ngọ́fúróáwọ,grandchildren of slave
sọ́ngọ́fúrótụwọ,grandson of slave
sọ́ngọ́tụ́wọ,slave child
sọ́nọ́,five
sọ́nọ́á pughu,forty thousand
sọ́nọ́á si,hundred
sọ́nọ́ma,seven
sọ́nọ́má ńdẹ,two thousand eight hundred 
sọ́nọ́má si,one hundred and forty 
sọ́nọ́má-íri-awọ,porpoise
sọ́nyẹ́,profit
sọọ́,cook
sọ́wụ́,take out jigger
sú,sing
súé,thirty
sóníé,six
sóníéá ńdẹ,two thousand four hundred 
sóníéá si,one hundred and twenty 
súghú,dig
súghú,harvest
súghú,excavate
súghū,swell
súghúbí,revenge
súghúbíe,bottom
súghúbíe,underneath
súmaá,push
súḿbíé,rod
súngú,sardine
sunju,broom
sundu,broom
suó,sky
suó,heaven
suo-alágba,thunder
suofịnị́,lightning
suo-ịkángị,lightning
suo-ọdụ́m,rainbow
suotọrụ́,atmosphere
súrúmaá,instigate
sú,cap
sú,hat
súū,rise
sụ́,stretch
sụ́ā,put
sụaḅịtẹ́,clothes
sụadirí,snuff
sụ́āpáma,verandah
sụḅa,spear
sụ́gbẹ́,tie
sụ́kā,hook
sụkụ́,bird
sụkụ́,greyheaded
sụ́ná,ant
sụ́ná,canerope
sụ́nụ́,rattan
sụ́nụnụ́,massage
sụ́wẹ́ẹ,virgin
tá,gather
taa,wife
taá,rub
taá,paint
tááwọ̄,grandson
táḅā,lick
táḅā,granddaughter
tádō,ancestor
tádō-árọ́,granddaughter
tádō ówí,grandson
Támnụ́nọ́,God
Támnụ́nọ́ḅẹ́rẹ́,theology
Támnụ́nọ́ḅẹ́rẹ́dūghóḅọ,preacher
Támụ́nọ́ Fị́nyẹ,lord' supper
Támụ́nọ́fị́rị,ministry
Támụ́nọ́fị́rịnwangị́ḅọ,minister
Támụ́nọ́-ólógho,commandment
Támụ́nọ́wárị,church
Támụ́nọ́ólogho,canon
tanda ọrụ́ḅọ,midwife
tanjị́,climb
tandị́,climb
tarị́,love
tarịghaḅọ́ọ,enemy
tárị́,first
tárị́nyẹ́,origin
tarịnyẹ́,wish
téghélé,disgrace
téélé,gorilla
tésí,sixty
tẹẹ́,kick
tẹẹ́,fire
tẹẹ́,shoot
tẹ́ẹ̄,go adrift
tẹ́ghẹ̄,beg
tẹ́ghẹ̄,entreat
tẹ́ghẹ̄,implore
tẹ́ghẹ̄,pray
tẹ́ghẹ̄,worship
tẹ́lẹ́maá,make good
tẹ́mẹ́,create
tẹ́mẹ́,mould
tẹ́mẹ́,make
tẹ́mẹ́,shadow
tẹ́mẹ́,soul
tẹ́mẹ́díghínyẹ́,lookingglass
tẹ́mẹ́díghínyẹ́,mirror
tẹ́mẹ́kọ́ḅọ́,blacksmith
tẹ́mẹ́náḅọ́,smith
tẹ́mẹ́náḅọ́,goldsmith
tẹ́mẹ́náḅọ́,silversmith
tẹ́mẹ́náḅọ́,blacksmith
tẹ́mẹ́nyẹ́,creature
tẹ́mẹ́nyẹ́,image
tẹ́mẹ́-ówí,male creator
tẹ́rẹ́,three
Tẹ́rẹ́gbẹ́rẹ́nyẹ́sọ̄,trinity
tibírímá,tempt
tíbīrímányẹ́,temptation
tíī,play
timí,beat
timí,pound
timí,bask
tíníbíé,armpit
tólóló,hunter's knife
tolótoló,turkey
tomḅọ́,someone
tomḅọ́,somebody
tomí,pestle
tọ́,weigh
tọ́,measure
tọ́,holy
tọ́ nyẹ́,forbidden
tọ́nyẹ́mị́ẹ́nyẹ,ordination
tọndịnyẹ́,lamp
Támụ́nọ́tọndọ́,God's lamp
tọndọ́,lamp
tọnyẹ́,plan
tọnyẹ́,will
tọ́ngọ̄,penis
tọ́ntọ́ḅụ́ụ,holiness
tọ́pịrịfị́rị,assignment
tọ́rụ́,river
tọrọ́ọ,how
tọrọ́ọ,how are you?
tọrọ́ọ,hi
tọrọ fị́nịị́,how is it?
tọ́rụ̄,face
tọ́rụ́-ánjị̄,eyebrow
tọ́rụ́ lélémá,stare
tọ́rụ́ lélémá,look
tọ́rụ́,eye
tọ́rụ́-mgbọ́lụ,eye
tọ́rụ́ḅámá,exile
tọ́rụ́dīghí,hope
tọ́rụ́dīnyẹ́,microscope
tọ́rụ́findí,civilization
tọ́rụ́fọ́pẹẹ́,discipline
tọ́rụ́kū,face
tọ́rụ́kū,forward
tọ́rụ́kūsẹ́nị́ḅọ,senior
tọ́rụ́kụrụkụrụ́,grace
tọ́rụ́siarị́,suffering
túghurú,chew
túlú,bore
túlú,pierce
túlúma,advise
tumini-gbọ́rụ,mankind
tumini-irú,tombo
tumini-irú,palmwine
tuminikírī,world
tuminikírī,earth
túminí,extol
túminí,praise
túminí,thank
tumo,tail
tụ́ndụ́,hill
tungú,occiput
turú,chalk
turú,powder
túrú,nails
túrúkpápụ̣́nyẹ́,pincers
turumbí,palm kernels
tuú,set trap
túumanyẹ́,counsel
túwó,trade
túwónáḅọ́,trader
túwówárị̄,factory
tụ́ḅara,antelope
tụghụ́,squat
tụghụ́,stoop
tụghụmanyẹ́,truth
tụ́ḿ,aerial
tụmḅọ́,person
tụ́ndụ́,hill
turú,chalk
tụ́-tụ́,ask for more
tụ́ụ́maá,point out
tụwọ,child
tụwọ akpáa,womb
ụ́kụ́ta,waistbeads
ụ́kụ́takoroma,ceremony
vála,sail
vála-arụ,sailingship
waghị́,throw
wá,we
wá,our
wámịnị,we
wámịna,our
wándere,window
wárị́,keep
wárị̄,house
wárị̄,home
wárị́bāghụ́-ẹ́fẹ́rẹ,zinc
wárị́bīé,room
wárị́bịlágogo,gecko
wárị̄kíri,floor
wárị̄kíri,foundation
wárị̄náma,domestic animal
wárị́nāmáḅọ́,builder
wárị́-ngása,wall
wárị́-ōsu,roof
wáya,wire
wayị́,cast
wíki,week
wílī,cut
wílī,slice
wílī,chop
wirí,abuse
wirí,insult
wirí,curse
wówówó,noise
wọ́lọ̄,massage
wọ́lọ̄,disregard
wọ́lọ̄,disrespect
yaá,marry
yaá,marriage
yafúro,relatives
yáwụ́,silence
yáwụ́,audience
yáwúma,cause to silence
yọ́,place
yọ́ yọ́,place
